;codigo_fundo;setor;preco_atual;liquidez_diaria;dividendo;dy;dy_3_acumulado;dy_6_acumulado;dy_12_acumulado;dy_3_media;dy_6_media;dy_12_media;dy_ano;variacao_preco;rentabilidade_periodo;rentabilidade_acumulada;patrimonio_liquido;vpa;p_vpa;dy_patrimonial;variacao_patrimonial;rentabilidade_patrimonial_periodo;rentabilidade_patrimonial_acumulada;vacancia_fisica;vacancia_financeira;quantidade_ativos
0;FIVN11;Shoppings;R$ 3,49;6466.0;R$ 0,00;0,00%;0,00%;0,00%;0,00%;0,00%;0,00%;0,00%;;0,00%;0,00%;0,00%;R$ 65.491.905,42;R$ 6,96;50.0;;;;;56,00%;;1
1;BZLI11;Títulos e Val. Mob.;R$ 16,01;1.0;R$ 0,00;0,00%;0,00%;0,00%;0,00%;0,00%;0,00%;0,00%;0,00%;0,68%;0,68%;1,14%;R$ 433.169.275,63;R$ 10,54;152.0;;;;;;;0
2;XTED11;Lajes Corporativas;R$ 8,80;3271.0;R$ 0,00;0,00%;0,00%;0,00%;0,00%;0,00%;0,00%;0,00%;0,00%;1,10%;1,10%;-37,83%;R$ 27.744.771,31;R$ 13,29;66.0;;;;;0,00%;100,00%;1
3;ALMI11;Lajes Corporativas;R$ 916,02;121.0;R$ 0,00;0,00%;0,00%;0,00%;0,00%;0,00%;0,00%;0,00%;0,00%;2,27%;2,27%;-28,29%;R$ 250.321.687,81;R$ 2.251,56;41.0;;;;;64,05%;;1
4;PABY11;Híbrido;R$ 23,37;3237.0;R$ 0,00;0,00%;0,00%;0,00%;0,00%;0,00%;0,00%;0,00%;0,00%;-19,84%;-19,84%;-31,62%;R$ -11.662.557,74;R$ -15,38;-152.0;;;;;;;1
5;ORPD11;Títulos e Val. Mob.;R$ 93,00;3.0;R$ 1,38;;;;;;;;;;;;R$ 43.104.334,23;R$ 148,64;63.0;;;;;;;0
6;GSFI11;Shoppings;R$ 5,00;334.0;R$ 0,00;0,03%;0,03%;0,03%;0,03%;0,01%;0,00%;0,00%;0,03%;0,00%;0,03%;0,03%;R$ 1.019.966.356,27;R$ 13,56;37.0;;;;;10,30%;;10
7;NEWU11;Lajes Corporativas;R$ 40,63;100.0;R$ 0,00;0,00%;0,00%;0,56%;16,63%;0,00%;0,09%;1,39%;0,61%;-4,04%;-4,04%;-31,62%;R$ 48.318.961,55;R$ 65,12;62.0;;;;;63,20%;;3
8;PRSV11;Lajes Corporativas;R$ 142,00;14.0;R$ 1,62;0,42%;1,53%;2,91%;5,95%;0,51%;0,48%;0,50%;4,46%;5,30%;5,74%;-11,25%;R$ 47.509.273,51;R$ 243,64;58.0;;;;;40,90%;;2
9;FAMB11B;Lajes Corporativas;R$ 773,00;2817.0;R$ 9,16;0,56%;2,17%;4,78%;10,43%;0,72%;0,80%;0,87%;8,82%;-47,80%;-47,51%;-47,80%;R$ 317.894.808,56;R$ 3.033,35;25.0;;;;;100,00%;;1
10;FMOF11;Lajes Corporativas;R$ 56,45;57.0;R$ 0,64;;;;;;;;;;;;R$ 62.366.731,90;R$ 122,77;46.0;;;;;52,08%;;1
11;HGRS11;Residencial;R$ 10,03;9639.0;R$ 0,00;0,00%;0,00%;0,00%;0,00%;0,00%;0,00%;0,00%;;0,00%;0,00%;0,00%;R$ 151.997.914,38;R$ 101,81;10.0;;;;;;;0
12;HGRS11;Residencial;R$ 10,05;50319.0;R$ 0,00;0,00%;0,00%;0,00%;0,00%;0,00%;0,00%;0,00%;;0,00%;0,00%;0,00%;R$ 151.997.914,38;R$ 101,81;10.0;;;;;;;0
13;HGRS11;Residencial;R$ 10,03;78020.0;R$ 0,00;0,00%;0,00%;0,00%;0,00%;0,00%;0,00%;0,00%;;0,00%;0,00%;0,00%;R$ 151.997.914,38;R$ 101,81;10.0;;;;;;;0
14;HGRS11;Residencial;R$ 10,04;89910.0;R$ 0,00;0,00%;0,00%;0,00%;0,00%;0,00%;0,00%;0,00%;;0,00%;0,00%;0,00%;R$ 151.997.914,38;R$ 101,81;10.0;;;;;;;0
15;HGRS11;Residencial;R$ 10,04;109262.0;R$ 0,00;0,00%;0,00%;0,00%;0,00%;0,00%;0,00%;0,00%;;0,00%;0,00%;0,00%;R$ 151.997.914,38;R$ 101,81;10.0;;;;;;;0
16;HGRS11;Residencial;R$ 10,03;85924.0;R$ 0,00;0,00%;0,00%;0,00%;0,00%;0,00%;0,00%;0,00%;;0,00%;0,00%;0,00%;R$ 151.997.914,38;R$ 101,81;10.0;;;;;;;0
17;HGRS11;Residencial;R$ 10,08;121381.0;R$ 0,00;0,00%;0,00%;0,00%;0,00%;0,00%;0,00%;0,00%;;0,00%;0,00%;0,00%;R$ 151.997.914,38;R$ 101,81;10.0;;;;;;;0
18;HGRS11;Residencial;R$ 10,00;175712.0;R$ 0,00;0,00%;0,00%;0,00%;0,00%;0,00%;0,00%;0,00%;;0,00%;0,00%;0,00%;R$ 151.997.914,38;R$ 101,81;10.0;;;;;;;0
19;HGRS11;Residencial;R$ 10,14;160602.0;R$ 0,00;0,00%;0,00%;0,00%;0,00%;0,00%;0,00%;0,00%;;0,00%;0,00%;0,00%;R$ 151.997.914,38;R$ 101,81;10.0;;;;;;;0
20;KNRE11;Residencial;R$ 0,95;439.0;R$ 0,00;0,00%;0,00%;0,00%;0,00%;0,00%;0,00%;0,00%;0,00%;0,00%;0,00%;0,00%;R$ 21.539.531,71;R$ 1,16;82.0;;;;;;;0
21;RBDS11;Residencial;R$ 2,77;15.0;R$ 0,00;0,00%;0,00%;0,00%;0,00%;0,00%;0,00%;0,00%;0,00%;0,00%;0,00%;0,00%;R$ 2.594.371,61;R$ 20,51;14.0;;;;;;;0
22;WTSP11B;Híbrido;R$ 43,49;1.0;R$ 0,32;0,76%;2,57%;4,67%;6,85%;0,86%;0,78%;0,57%;0,76%;0,00%;0,76%;0,76%;R$ 82.363.484,34;R$ 82,98;52.0;;;;;;;0
23;OULG11;Outros;R$ 44,41;1362.0;R$ 0,17;0,38%;1,14%;3,40%;8,03%;0,38%;0,57%;0,67%;1,50%;3,09%;3,48%;-3,91%;R$ 181.728.876,23;R$ 73,24;61.0;;;;;0,00%;;2
24;VXXV11;Outros;R$ 938,00;906.0;R$ 10,76;;;;;;;;;;;;R$ 236.923.610,69;R$ 896,76;105.0;;;;;;;0
25;BICE11;Títulos e Val. Mob.;R$ 950,00;26.0;R$ 5,40;0,00%;0,00%;0,00%;0,00%;0,00%;0,00%;0,00%;;0,00%;0,00%;0,00%;R$ 20.801.358,88;R$ 987,20;96.0;;;;;;;0
26;HRDF11;Híbrido;R$ 1,00;37.0;R$ 6,80;;;;;;;;;;;;R$ 8.562.301,98;R$ 1,13;89.0;;;;;;;0
27;CJCT11;Lajes Corporativas;R$ 70,00;4.0;R$ 0,00;;;;;;;;;;;;R$ 245.610.921,27;R$ 85,58;82.0;;;;;59,00%;;1
28;LFTT11;Residencial;R$ 82,50;1099.0;R$ 0,75;;;;;;;;;;;;R$ 350.764.043,31;R$ 47,37;174.0;;;;;;;0
29;CTXT11;Lajes Corporativas;R$ 12,52;98.0;R$ 0,09;0,39%;0,78%;1,36%;5,53%;0,26%;0,23%;0,46%;1,36%;-2,58%;-2,20%;-39,31%;R$ 114.700.976,77;R$ 39,51;32.0;;;;;97,00%;;1
30;SRVD11;Títulos e Val. Mob.;R$ 8,77;1.0;R$ 0,10;1,01%;0,00%;0,00%;0,00%;0,00%;0,00%;0,00%;1,01%;0,00%;1,01%;1,01%;R$ 71.523.940,84;R$ 0,74;1181.0;;;;;;;0
31;RBIR11;Residencial;R$ 65,11;477.0;R$ 0,00;0,00%;0,00%;0,00%;0,00%;0,00%;0,00%;0,00%;0,00%;0,00%;0,00%;0,00%;R$ 146.580.170,57;R$ 95,89;68.0;;;;;;;0
32;CARE11;Híbrido;R$ 3,55;1480.0;R$ 0,00;0,23%;0,66%;1,36%;1,60%;0,22%;0,23%;0,13%;1,36%;-2,63%;-2,41%;5,65%;R$ 291.927.750,90;R$ 8,16;43.0;;;;;;;0
33;RBGS11;Shoppings;R$ 28,45;5157.0;R$ 0,18;0,62%;1,59%;2,73%;5,12%;0,53%;0,46%;0,43%;5,12%;-1,90%;-1,29%;-28,71%;R$ 97.865.283,71;R$ 90,78;31.0;0,18%;0,00%;0,18%;1,17%;13,00%;;1
34;IBFF11;Títulos e Val. Mob.;R$ 3,08;2400.0;R$ 0,30;0,44%;2,01%;4,58%;9,52%;0,67%;0,76%;0,79%;5,42%;7,50%;7,98%;19,59%;R$ 9.855.905,16;R$ 14,78;21.0;;;;;;;0
35;IBFF11;Títulos e Val. Mob.;R$ 3,08;1300.0;R$ 0,30;0,44%;2,01%;4,58%;9,52%;0,67%;0,76%;0,79%;5,42%;7,50%;7,98%;19,59%;R$ 9.855.905,16;R$ 14,78;21.0;;;;;;;0
36;YUFI11B;Residencial;R$ 96,00;11.0;R$ 0,63;0,00%;0,00%;0,00%;0,00%;0,00%;0,00%;0,00%;;0,00%;0,00%;0,00%;R$ 41.676.929,76;R$ 105,47;91.0;;;;;;;0
37;YUFI11B;Residencial;R$ 95,99;2645.0;R$ 0,63;0,00%;0,00%;0,00%;0,00%;0,00%;0,00%;0,00%;;0,00%;0,00%;0,00%;R$ 41.676.929,76;R$ 105,47;91.0;;;;;;;0
38;YUFI11B;Residencial;R$ 95,48;6092.0;R$ 0,63;0,00%;0,00%;0,00%;0,00%;0,00%;0,00%;0,00%;;0,00%;0,00%;0,00%;R$ 41.676.929,76;R$ 105,47;91.0;;;;;;;0
39;YUFI11B;Residencial;R$ 95,10;5394.0;R$ 0,63;0,00%;0,00%;0,00%;0,00%;0,00%;0,00%;0,00%;;0,00%;0,00%;0,00%;R$ 41.676.929,76;R$ 105,47;90.0;;;;;;;0
40;YUFI11B;Residencial;R$ 95,42;2129.0;R$ 0,63;0,00%;0,00%;0,00%;0,00%;0,00%;0,00%;0,00%;;0,00%;0,00%;0,00%;R$ 41.676.929,76;R$ 105,47;90.0;;;;;;;0
41;YUFI11B;Residencial;R$ 95,44;2060.0;R$ 0,63;0,00%;0,00%;0,00%;0,00%;0,00%;0,00%;0,00%;;0,00%;0,00%;0,00%;R$ 41.676.929,76;R$ 105,47;90.0;;;;;;;0
42;YUFI11B;Residencial;R$ 95,38;2455.0;R$ 0,63;0,00%;0,00%;0,00%;0,00%;0,00%;0,00%;0,00%;;0,00%;0,00%;0,00%;R$ 41.676.929,76;R$ 105,47;90.0;;;;;;;0
43;YUFI11B;Residencial;R$ 95,41;3382.0;R$ 0,63;0,00%;0,00%;0,00%;0,00%;0,00%;0,00%;0,00%;;0,00%;0,00%;0,00%;R$ 41.676.929,76;R$ 105,47;90.0;;;;;;;0
44;YUFI11B;Residencial;R$ 95,60;4351.0;R$ 0,63;0,00%;0,00%;0,00%;0,00%;0,00%;0,00%;0,00%;;0,00%;0,00%;0,00%;R$ 41.676.929,76;R$ 105,47;91.0;;;;;;;0
45;CORM11;Híbrido;R$ 99,21;312.0;R$ 0,77;0,90%;2,76%;5,35%;11,38%;0,92%;0,89%;0,95%;6,20%;-2,97%;-2,10%;-4,27%;R$ 92.123.992,72;R$ 90,56;110.0;0,89%;-2,33%;-1,45%;0,21%;;;0
46;CORM11;Híbrido;R$ 99,38;27987.0;R$ 0,77;0,90%;2,76%;5,35%;11,38%;0,92%;0,89%;0,95%;6,20%;-2,97%;-2,10%;-4,27%;R$ 92.123.992,72;R$ 90,56;110.0;0,89%;-2,33%;-1,45%;0,21%;;;0
47;CORM11;Híbrido;R$ 99,51;14665.0;R$ 0,77;0,90%;2,76%;5,35%;11,38%;0,92%;0,89%;0,95%;6,20%;-2,97%;-2,10%;-4,27%;R$ 92.123.992,72;R$ 90,56;110.0;0,89%;-2,33%;-1,45%;0,21%;;;0
48;CORM11;Híbrido;R$ 99,53;17830.0;R$ 0,77;0,90%;2,76%;5,35%;11,38%;0,92%;0,89%;0,95%;6,20%;-2,97%;-2,10%;-4,27%;R$ 92.123.992,72;R$ 90,56;110.0;0,89%;-2,33%;-1,45%;0,21%;;;0
49;CORM11;Híbrido;R$ 99,51;13839.0;R$ 0,77;0,90%;2,76%;5,35%;11,38%;0,92%;0,89%;0,95%;6,20%;-2,97%;-2,10%;-4,27%;R$ 92.123.992,72;R$ 90,56;110.0;0,89%;-2,33%;-1,45%;0,21%;;;0
50;CORM11;Híbrido;R$ 99,54;16131.0;R$ 0,77;0,90%;2,76%;5,35%;11,38%;0,92%;0,89%;0,95%;6,20%;-2,97%;-2,10%;-4,27%;R$ 92.123.992,72;R$ 90,56;110.0;0,89%;-2,33%;-1,45%;0,21%;;;0
51;CORM11;Híbrido;R$ 99,50;13368.0;R$ 0,77;0,90%;2,76%;5,35%;11,38%;0,92%;0,89%;0,95%;6,20%;-2,97%;-2,10%;-4,27%;R$ 92.123.992,72;R$ 90,56;110.0;0,89%;-2,33%;-1,45%;0,21%;;;0
52;CORM11;Híbrido;R$ 99,31;21429.0;R$ 0,77;0,90%;2,76%;5,35%;11,38%;0,92%;0,89%;0,95%;6,20%;-2,97%;-2,10%;-4,27%;R$ 92.123.992,72;R$ 90,56;110.0;0,89%;-2,33%;-1,45%;0,21%;;;0
53;CORM11;Híbrido;R$ 99,42;20270.0;R$ 0,77;0,90%;2,76%;5,35%;11,38%;0,92%;0,89%;0,95%;6,20%;-2,97%;-2,10%;-4,27%;R$ 92.123.992,72;R$ 90,56;110.0;0,89%;-2,33%;-1,45%;0,21%;;;0
54;ERCR11;Híbrido;R$ 89,10;177.0;R$ 783,96;0,00%;0,00%;0,00%;0,00%;0,00%;0,00%;0,00%;;0,00%;0,00%;0,00%;R$ 164.681.982,75;R$ 69.310,60;0.0;;;;;;;0
55;ERCR11;Híbrido;R$ 89,20;4779.0;R$ 783,96;0,00%;0,00%;0,00%;0,00%;0,00%;0,00%;0,00%;;0,00%;0,00%;0,00%;R$ 164.681.982,75;R$ 69.310,60;0.0;;;;;;;0
56;ERCR11;Híbrido;R$ 88,55;2738.0;R$ 783,96;0,00%;0,00%;0,00%;0,00%;0,00%;0,00%;0,00%;;0,00%;0,00%;0,00%;R$ 164.681.982,75;R$ 69.310,60;0.0;;;;;;;0
57;ERCR11;Híbrido;R$ 89,31;2315.0;R$ 783,96;0,00%;0,00%;0,00%;0,00%;0,00%;0,00%;0,00%;;0,00%;0,00%;0,00%;R$ 164.681.982,75;R$ 69.310,60;0.0;;;;;;;0
58;ERCR11;Híbrido;R$ 88,83;6123.0;R$ 783,96;0,00%;0,00%;0,00%;0,00%;0,00%;0,00%;0,00%;;0,00%;0,00%;0,00%;R$ 164.681.982,75;R$ 69.310,60;0.0;;;;;;;0
59;ERCR11;Híbrido;R$ 88,66;2350.0;R$ 783,96;0,00%;0,00%;0,00%;0,00%;0,00%;0,00%;0,00%;;0,00%;0,00%;0,00%;R$ 164.681.982,75;R$ 69.310,60;0.0;;;;;;;0
60;ERCR11;Híbrido;R$ 88,30;9724.0;R$ 783,96;0,00%;0,00%;0,00%;0,00%;0,00%;0,00%;0,00%;;0,00%;0,00%;0,00%;R$ 164.681.982,75;R$ 69.310,60;0.0;;;;;;;0
61;ERCR11;Híbrido;R$ 88,24;3488.0;R$ 783,96;0,00%;0,00%;0,00%;0,00%;0,00%;0,00%;0,00%;;0,00%;0,00%;0,00%;R$ 164.681.982,75;R$ 69.310,60;0.0;;;;;;;0
62;QIRI11;Títulos e Val. Mob.;R$ 3,90;1100.0;R$ 0,66;0,86%;2,85%;5,44%;9,60%;0,95%;0,91%;0,80%;7,00%;6,81%;7,72%;-8,39%;R$ 13.441.852,95;R$ 89,61;4.0;;;;;;;0
63;QIRI11;Títulos e Val. Mob.;R$ 3,99;5400.0;R$ 0,66;0,86%;2,85%;5,44%;9,60%;0,95%;0,91%;0,80%;7,00%;6,81%;7,72%;-8,39%;R$ 13.441.852,95;R$ 89,61;4.0;;;;;;;0
64;QIRI11;Títulos e Val. Mob.;R$ 4,13;900.0;R$ 0,66;0,86%;2,85%;5,44%;9,60%;0,95%;0,91%;0,80%;7,00%;6,81%;7,72%;-8,39%;R$ 13.441.852,95;R$ 89,61;5.0;;;;;;;0
65;QIRI11;Títulos e Val. Mob.;R$ 4,11;2600.0;R$ 0,66;0,86%;2,85%;5,44%;9,60%;0,95%;0,91%;0,80%;7,00%;6,81%;7,72%;-8,39%;R$ 13.441.852,95;R$ 89,61;5.0;;;;;;;0
66;QIRI11;Títulos e Val. Mob.;R$ 4,23;10700.0;R$ 0,66;0,86%;2,85%;5,44%;9,60%;0,95%;0,91%;0,80%;7,00%;6,81%;7,72%;-8,39%;R$ 13.441.852,95;R$ 89,61;5.0;;;;;;;0
67;QIRI11;Títulos e Val. Mob.;R$ 3,85;13300.0;R$ 0,66;0,86%;2,85%;5,44%;9,60%;0,95%;0,91%;0,80%;7,00%;6,81%;7,72%;-8,39%;R$ 13.441.852,95;R$ 89,61;4.0;;;;;;;0
68;QIRI11;Títulos e Val. Mob.;R$ 4,10;9700.0;R$ 0,66;0,86%;2,85%;5,44%;9,60%;0,95%;0,91%;0,80%;7,00%;6,81%;7,72%;-8,39%;R$ 13.441.852,95;R$ 89,61;5.0;;;;;;;0
69;ALZR11;Logística;R$ 115,27;7793.0;R$ 0,80;0,67%;6,16%;8,19%;12,05%;2,05%;1,37%;1,00%;10,18%;1,32%;2,00%;13,09%;R$ 740.550.891,02;R$ 106,97;108.0;;;;;0,00%;;15
70;BPML11;Shoppings;R$ 66,78;9.0;R$ 0,30;0,44%;0,96%;2,54%;0,00%;0,32%;0,42%;0,00%;1,93%;0,00%;0,44%;2,27%;R$ 532.814.253,64;R$ 123,76;54.0;0,24%;-0,77%;-0,53%;-0,56%;5,80%;;7
71;XPML11;Shoppings;R$ 101,20;27131.0;R$ 0,75;0,72%;2,10%;4,25%;8,26%;0,70%;0,71%;0,69%;6,25%;0,28%;1,00%;18,18%;R$ 1.904.472.618,71;R$ 101,94;99.0;;;;;3,90%;;16
72;FCFL11;Outros;R$ 114,70;1776.0;R$ 0,76;0,62%;2,07%;4,23%;8,65%;0,69%;0,71%;0,72%;6,42%;2,40%;3,03%;14,92%;R$ 364.068.033,44;R$ 104,80;109.0;;;;;0,00%;;1
73;AFOF11;Títulos e Val. Mob.;R$ 91,60;768.0;R$ 1,08;1,18%;3,57%;7,22%;13,48%;1,19%;1,20%;1,12%;10,43%;0,00%;1,18%;12,90%;R$ 68.114.246,62;R$ 98,55;93.0;;;;;;;0
74;BTAL11;Outros;R$ 95,90;11803.0;R$ 0,83;0,83%;2,52%;5,10%;10,21%;0,84%;0,85%;0,85%;7,61%;0,15%;0,98%;14,64%;R$ 636.235.058,30;R$ 106,35;90.0;;;;;;;7
75;MORC11;Títulos e Val. Mob.;R$ 93,41;4223.0;R$ 1,10;1,17%;3,80%;8,20%;14,76%;1,27%;1,37%;1,23%;12,26%;-0,15%;1,02%;6,20%;R$ 126.328.211,41;R$ 97,78;96.0;1,12%;-0,90%;0,22%;1,84%;;;0
76;CNES11;Lajes Corporativas;R$ 30,55;1046.0;R$ 0,11;0,35%;0,96%;1,80%;3,65%;0,32%;0,30%;0,30%;2,58%;-1,82%;-1,47%;-1,70%;R$ 257.335.344,05;R$ 87,25;35.0;;;;;56,70%;;1
77;EDGA11;Lajes Corporativas;R$ 17,85;983.0;R$ 0,10;0,58%;1,44%;3,80%;7,27%;0,48%;0,63%;0,61%;5,97%;-7,65%;-7,11%;-12,55%;R$ 252.184.157,67;R$ 66,15;27.0;0,16%;-0,02%;0,14%;0,51%;48,81%;;1
78;RBHG11;Títulos e Val. Mob.;R$ 87,14;3096.0;R$ 1,15;1,31%;4,05%;8,65%;16,48%;1,35%;1,44%;1,37%;13,49%;-0,98%;0,31%;13,21%;R$ 161.069.672,19;R$ 93,23;93.0;1,23%;-1,91%;-0,70%;9,48%;;;0
79;CXTL11;Logística;R$ 370,00;51.0;R$ 1,39;0,35%;0,76%;1,47%;3,78%;0,25%;0,25%;0,32%;1,02%;3,10%;3,46%;-2,22%;R$ 37.512.723,38;R$ 699,90;53.0;0,20%;4,22%;4,43%;0,17%;61,00%;;3
80;MFAI11;Híbrido;R$ 63,25;272.0;R$ 0,71;1,04%;3,12%;5,37%;12,46%;1,04%;0,90%;1,04%;10,23%;2,72%;3,79%;0,83%;R$ 24.445.991,28;R$ 77,34;82.0;0,92%;-2,51%;-1,62%;2,20%;;;0
81;MALL11;Shoppings;R$ 103,32;28320.0;R$ 0,78;0,71%;2,15%;4,32%;8,64%;0,72%;0,72%;0,72%;7,22%;2,18%;2,90%;22,65%;R$ 802.686.674,37;R$ 106,17;97.0;0,73%;-1,69%;-0,97%;1,61%;4,00%;;8
82;PVBI11;Lajes Corporativas;R$ 91,96;23330.0;R$ 0,57;0,59%;1,77%;3,56%;7,32%;0,59%;0,59%;0,61%;4,81%;0,00%;0,59%;17,07%;R$ 994.573.877,89;R$ 99,07;93.0;0,58%;0,01%;0,58%;2,85%;0,10%;;4
83;VILG11;Logística;R$ 99,81;21339.0;R$ 0,72;0,66%;1,99%;4,21%;8,37%;0,66%;0,70%;0,70%;6,98%;1,24%;1,91%;14,42%;R$ 1.709.654.647,40;R$ 114,00;88.0;0,63%;0,03%;0,66%;6,47%;0,00%;;16
84;FPAB11;Lajes Corporativas;R$ 184,00;32.0;R$ 1,65;0,82%;2,34%;4,71%;8,80%;0,78%;0,78%;0,73%;7,47%;-3,39%;-2,60%;-1,61%;R$ 307.820.623,86;R$ 410,43;45.0;0,40%;0,00%;0,40%;4,11%;33,79%;;1
85;MFII11;Híbrido;R$ 95,14;2856.0;R$ 1,11;1,12%;3,38%;6,83%;13,49%;1,13%;1,14%;1,12%;11,19%;2,31%;3,46%;0,09%;R$ 418.570.981,13;R$ 100,94;94.0;1,10%;-0,63%;0,47%;3,28%;;;9
86;RZAG11;Títulos e Val. Mob.;R$ 9,97;408370.0;R$ 0,13;1,25%;4,00%;7,88%;0,00%;1,33%;1,31%;0,00%;12,37%;3,28%;4,57%;19,63%;R$ 650.317.000,88;R$ 9,56;104.0;1,36%;0,26%;1,63%;12,47%;;;0
87;VRTA11;Títulos e Val. Mob.;R$ 92,77;21955.0;R$ 1,00;1,04%;3,28%;6,91%;13,92%;1,09%;1,15%;1,16%;11,56%;2,33%;3,40%;2,62%;R$ 1.274.181.579,71;R$ 94,13;99.0;1,06%;0,43%;1,50%;10,41%;;;0
88;XPCA11;Títulos e Val. Mob.;R$ 9,98;128890.0;R$ 0,14;1,37%;4,00%;8,13%;0,00%;1,33%;1,36%;0,00%;13,07%;0,00%;1,37%;20,82%;R$ 203.824.165,66;R$ 9,49;105.0;1,48%;-0,14%;1,34%;12,47%;;;0
89;EVBI11;Híbrido;R$ 97,75;580.0;R$ 0,75;0,76%;2,28%;4,58%;9,30%;0,76%;0,76%;0,77%;6,20%;0,00%;0,76%;13,21%;R$ 141.074.315,71;R$ 100,93;97.0;0,74%;0,45%;1,20%;7,66%;0,00%;;4
90;VGHF11;Títulos e Val. Mob.;R$ 9,04;324113.0;R$ 0,09;0,95%;3,08%;7,01%;16,07%;1,03%;1,17%;1,34%;12,76%;-2,16%;-1,23%;5,03%;R$ 683.683.787,87;R$ 9,38;96.0;0,96%;0,44%;1,40%;13,19%;;;0
91;BLCP11;Outros;R$ 91,00;123.0;R$ 0,56;0,62%;1,72%;3,46%;6,64%;0,57%;0,58%;0,55%;5,31%;-0,54%;0,08%;19,93%;R$ 256.580.339,90;R$ 111,74;81.0;0,50%;-0,02%;0,49%;15,81%;6,20%;;2
92;FLRP11;Shoppings;R$ 1.575,00;13.0;R$ 9,83;0,64%;1,93%;4,36%;8,42%;0,64%;0,73%;0,70%;6,67%;0,00%;0,64%;35,98%;R$ 112.758.044,56;R$ 1.728,57;91.0;0,57%;0,06%;0,63%;3,95%;2,01%;;1
93;XPPR11;Outros;R$ 38,47;11975.0;R$ 0,30;0,72%;2,05%;4,31%;9,09%;0,68%;0,72%;0,76%;7,35%;0,00%;0,72%;-30,47%;R$ 546.735.173,05;R$ 74,73;51.0;0,40%;-1,21%;-0,82%;-4,08%;46,00%;0,00%;4
94;ABCP11;Shoppings;R$ 71,06;502.0;R$ 0,55;0,73%;2,15%;4,52%;9,44%;0,72%;0,75%;0,79%;7,70%;0,00%;0,73%;9,36%;R$ 1.122.584.730,69;R$ 91,99;77.0;0,60%;0,07%;0,67%;6,61%;7,50%;;1
95;BARI11;Títulos e Val. Mob.;R$ 92,00;12217.0;R$ 1,00;1,05%;3,17%;7,49%;14,42%;1,06%;1,25%;1,20%;11,94%;0,00%;1,05%;1,97%;R$ 464.971.328,57;R$ 100,33;92.0;1,00%;-0,61%;0,38%;7,97%;;;0
96;JGPX11;Híbrido;R$ 96,85;630.0;R$ 1,12;1,15%;3,60%;7,03%;0,00%;1,20%;1,17%;0,00%;11,70%;0,00%;1,15%;12,46%;R$ 81.392.049,67;R$ 95,97;101.0;1,17%;0,08%;1,25%;10,88%;;;0
97;QAGR11;Outros;R$ 46,00;5920.0;R$ 0,41;0,86%;2,60%;5,11%;9,74%;0,87%;0,85%;0,81%;6,67%;0,00%;0,86%;1,28%;R$ 281.721.999,70;R$ 55,90;82.0;0,73%;0,10%;0,84%;-2,31%;;;12
98;HAAA11;Lajes Corporativas;R$ 87,75;1.0;R$ 0,54;0,63%;1,87%;3,71%;7,12%;0,62%;0,62%;0,59%;5,98%;0,00%;0,63%;-4,71%;R$ 312.085.354,54;R$ 90,33;97.0;0,60%;0,13%;0,73%;1,12%;17,00%;;1
99;ITIP11;Títulos e Val. Mob.;R$ 80,65;368.0;R$ 0,76;0,94%;3,17%;6,90%;14,01%;1,06%;1,15%;1,17%;11,65%;0,00%;0,94%;11,15%;R$ 62.346.732,01;R$ 83,33;97.0;0,91%;-0,16%;0,75%;4,68%;;;0
100;RBHY11;Títulos e Val. Mob.;R$ 94,40;1797.0;R$ 1,26;1,30%;4,06%;8,54%;17,01%;1,35%;1,42%;1,42%;13,48%;0,00%;1,30%;8,09%;R$ 180.393.192,28;R$ 95,27;99.0;1,32%;-1,08%;0,23%;12,06%;;;0
101;PATL11;Híbrido;R$ 75,74;9037.0;R$ 0,58;0,73%;2,19%;4,49%;9,18%;0,73%;0,75%;0,77%;7,52%;0,00%;0,73%;13,73%;R$ 489.688.100,82;R$ 98,10;77.0;0,59%;0,01%;0,60%;6,22%;0,00%;0,00%;4
102;CXCE11B;Outros;R$ 40,63;669.0;R$ 0,46;1,08%;2,91%;5,65%;10,84%;0,97%;0,94%;0,90%;9,11%;0,00%;1,08%;2,36%;R$ 111.030.391,29;R$ 64,82;63.0;0,71%;-0,59%;0,11%;-1,34%;0,00%;;1
103;HGBS11;Shoppings;R$ 189,92;8225.0;R$ 1,35;0,65%;1,90%;4,12%;8,05%;0,63%;0,69%;0,67%;6,81%;0,00%;0,65%;33,30%;R$ 2.183.462.086,61;R$ 218,35;87.0;0,62%;-0,01%;0,61%;7,55%;6,50%;;17
104;BBGO11;Títulos e Val. Mob.;R$ 84,46;3609.0;R$ 1,00;1,18%;2,98%;5,57%;0,00%;0,99%;0,93%;0,00%;7,22%;0,00%;1,18%;4,16%;R$ 392.249.829,74;R$ 97,94;86.0;1,02%;-0,09%;0,93%;8,10%;;;0
105;FIIB11;Híbrido;R$ 460,02;709.0;R$ 3,70;0,76%;2,28%;4,57%;8,97%;0,76%;0,76%;0,75%;5,99%;0,00%;0,76%;10,77%;R$ 312.437.587,98;R$ 456,11;101.0;0,81%;-0,06%;0,75%;6,83%;6,28%;;1
106;GALG11;Híbrido;R$ 9,31;522864.0;R$ 0,08;0,86%;2,55%;5,13%;10,20%;0,85%;0,86%;0,85%;9,39%;0,00%;0,86%;-98,91%;R$ 584.291.907,19;R$ 10,16;92.0;0,81%;0,19%;1,00%;-89,34%;0,00%;0,00%;6
107;VJFD11;Híbrido;R$ 96,00;1745.0;R$ 1,01;0,00%;0,00%;0,00%;0,00%;0,00%;0,00%;0,00%;;0,00%;0,00%;0,00%;R$ 647.504.605,91;R$ 132,79;72.0;0,76%;0,04%;0,80%;1,61%;;;0
108;VJFD11;Híbrido;R$ 96,26;5104.0;R$ 1,01;0,00%;0,00%;0,00%;0,00%;0,00%;0,00%;0,00%;;0,00%;0,00%;0,00%;R$ 647.504.605,91;R$ 132,79;72.0;0,76%;0,04%;0,80%;1,61%;;;0
109;VJFD11;Híbrido;R$ 96,30;7905.0;R$ 1,01;0,00%;0,00%;0,00%;0,00%;0,00%;0,00%;0,00%;;0,00%;0,00%;0,00%;R$ 647.504.605,91;R$ 132,79;73.0;0,76%;0,04%;0,80%;1,61%;;;0
110;VJFD11;Híbrido;R$ 96,35;6155.0;R$ 1,01;0,00%;0,00%;0,00%;0,00%;0,00%;0,00%;0,00%;;0,00%;0,00%;0,00%;R$ 647.504.605,91;R$ 132,79;73.0;0,76%;0,04%;0,80%;1,61%;;;0
111;VJFD11;Híbrido;R$ 96,25;4742.0;R$ 1,01;0,00%;0,00%;0,00%;0,00%;0,00%;0,00%;0,00%;;0,00%;0,00%;0,00%;R$ 647.504.605,91;R$ 132,79;72.0;0,76%;0,04%;0,80%;1,61%;;;0
112;VJFD11;Híbrido;R$ 96,25;3924.0;R$ 1,01;0,00%;0,00%;0,00%;0,00%;0,00%;0,00%;0,00%;;0,00%;0,00%;0,00%;R$ 647.504.605,91;R$ 132,79;72.0;0,76%;0,04%;0,80%;1,61%;;;0
113;VJFD11;Híbrido;R$ 96,33;2746.0;R$ 1,01;0,00%;0,00%;0,00%;0,00%;0,00%;0,00%;0,00%;;0,00%;0,00%;0,00%;R$ 647.504.605,91;R$ 132,79;73.0;0,76%;0,04%;0,80%;1,61%;;;0
114;VJFD11;Híbrido;R$ 96,32;5410.0;R$ 1,01;0,00%;0,00%;0,00%;0,00%;0,00%;0,00%;0,00%;;0,00%;0,00%;0,00%;R$ 647.504.605,91;R$ 132,79;73.0;0,76%;0,04%;0,80%;1,61%;;;0
115;FVPQ11;Shoppings;R$ 108,51;292.0;R$ 0,57;0,49%;1,75%;3,67%;7,82%;0,58%;0,61%;0,65%;6,57%;0,00%;0,49%;21,97%;R$ 556.259.429,91;R$ 198,65;55.0;0,29%;0,18%;0,47%;4,12%;5,50%;;1
116;NVHO11;Hospital;R$ 10,10;75.0;R$ 0,08;0,80%;2,31%;4,34%;7,75%;0,77%;0,72%;0,65%;5,21%;5,32%;6,16%;6,53%;R$ 529.013.250,25;R$ 12,75;79.0;0,66%;0,10%;0,76%;5,61%;;;1
117;RNDP11;Títulos e Val. Mob.;R$ 159,99;71.0;R$ 2,14;0,84%;2,51%;5,63%;10,46%;0,84%;0,94%;0,87%;9,13%;-2,21%;-1,39%;-53,22%;R$ 34.519.994,07;R$ 321,17;50.0;0,67%;-0,57%;0,09%;-48,64%;;;0
118;HCHG11;Outros;R$ 86,00;9.0;R$ 1,00;1,13%;3,48%;6,68%;12,25%;1,16%;1,11%;1,02%;10,51%;3,47%;4,63%;11,52%;R$ 120.541.835,89;R$ 100,45;86.0;1,00%;-1,93%;-0,96%;12,47%;;;0
119;KNRI11;Híbrido;R$ 140,34;21516.0;R$ 0,91;0,63%;1,82%;3,76%;7,41%;0,61%;0,63%;0,62%;6,19%;-3,74%;-3,14%;16,78%;R$ 3.871.638.686,32;R$ 160,27;88.0;0,57%;0,11%;0,68%;7,35%;2,00%;6,72%;20
120;SPTW11;Lajes Corporativas;R$ 40,91;2173.0;R$ 0,40;0,92%;2,77%;5,58%;10,88%;0,92%;0,93%;0,91%;9,17%;1,07%;2,00%;5,09%;R$ 95.530.136,48;R$ 53,13;77.0;0,75%;0,13%;0,89%;7,78%;0,00%;;1
121;PLOG11;Logística;R$ 76,00;642.0;R$ 0,75;0,94%;2,84%;6,06%;12,27%;0,95%;1,01%;1,02%;10,30%;1,00%;1,96%;17,51%;R$ 75.314.540,46;R$ 100,42;76.0;0,75%;0,04%;0,79%;7,99%;20,40%;;1
122;VIUR11;Títulos e Val. Mob.;R$ 7,84;48400.0;R$ 0,07;0,91%;2,65%;5,63%;11,34%;0,88%;0,94%;0,94%;9,49%;-2,34%;-1,45%;-88,52%;R$ 256.568.105,47;R$ 9,52;82.0;0,76%;0,27%;1,03%;-89,38%;0,00%;;6
123;RBRD11;Híbrido;R$ 36,98;803.0;R$ 0,30;0,76%;2,22%;4,85%;10,05%;0,74%;0,81%;0,84%;9,22%;-3,30%;-2,56%;0,06%;R$ 126.635.437,89;R$ 68,39;54.0;0,44%;-0,53%;-0,10%;0,34%;15,52%;;4
124;LUGG11;Residencial;R$ 75,02;662.0;R$ 0,52;0,67%;2,03%;4,10%;8,10%;0,68%;0,68%;0,67%;6,84%;-1,89%;-1,23%;-4,74%;R$ 115.000.530,01;R$ 127,78;59.0;0,41%;-0,10%;0,31%;6,87%;2,40%;;4
125;SADI11;Títulos e Val. Mob.;R$ 90,40;5332.0;R$ 1,05;1,16%;3,51%;6,97%;12,37%;1,17%;1,16%;1,03%;10,83%;-0,28%;0,88%;11,71%;R$ 318.287.669,07;R$ 100,08;90.0;1,05%;0,15%;1,20%;9,73%;;;0
126;TGAR11;Outros;R$ 122,12;28456.0;R$ 1,55;1,25%;3,78%;7,74%;14,16%;1,26%;1,29%;1,18%;12,09%;-1,01%;0,22%;14,09%;R$ 1.322.809.051,32;R$ 116,96;104.0;1,33%;-1,87%;-0,57%;-0,27%;;;0
127;HBRH11;Híbrido;R$ 94,08;173.0;R$ 0,61;0,64%;2,04%;4,39%;10,50%;0,68%;0,73%;0,87%;7,89%;0,81%;1,45%;14,72%;R$ 313.750.423,60;R$ 113,18;83.0;0,54%;0,01%;0,55%;6,80%;;;3
128;HLOG11;Logística;R$ 87,15;1075.0;R$ 0,65;0,69%;2,03%;4,27%;8,42%;0,68%;0,71%;0,70%;7,10%;-3,50%;-2,84%;8,25%;R$ 472.300.435,89;R$ 111,13;78.0;0,58%;0,03%;0,61%;4,59%;58,00%;0,00%;3
129;RBCO11;Lajes Corporativas;R$ 44,00;2717.0;R$ 0,20;0,45%;1,50%;4,23%;8,64%;0,50%;0,70%;0,72%;7,12%;5,64%;6,12%;-15,03%;R$ 340.942.316,64;R$ 90,22;49.0;0,22%;1,03%;1,25%;-7,08%;46,00%;50,00%;4
130;VOTS11;Títulos e Val. Mob.;R$ 83,47;116.0;R$ 0,77;0,92%;2,94%;7,15%;14,02%;0,98%;1,19%;1,17%;12,25%;-3,35%;-2,47%;12,65%;R$ 78.573.550,61;R$ 94,91;88.0;0,81%;0,55%;1,37%;8,57%;;;0
131;JFLL11;Residencial;R$ 66,25;2128.0;R$ 0,62;0,86%;2,51%;5,23%;10,19%;0,84%;0,87%;0,85%;8,46%;-0,70%;0,15%;-0,40%;R$ 150.748.622,50;R$ 100,46;66.0;0,62%;0,03%;0,65%;6,74%;28,00%;;2
132;HUSI11;Hospital;R$ 91,23;32.0;R$ 7,87;0,69%;0,00%;0,00%;0,00%;0,00%;0,00%;0,00%;2,24%;1,24%;1,94%;8,84%;R$ 116.353.437,37;R$ 999,93;9.0;0,79%;0,84%;1,63%;4,28%;;;0
133;HUSI11;Hospital;R$ 91,22;1350.0;R$ 7,87;0,69%;0,00%;0,00%;0,00%;0,00%;0,00%;0,00%;2,24%;1,24%;1,94%;8,84%;R$ 116.353.437,37;R$ 999,93;9.0;0,79%;0,84%;1,63%;4,28%;;;0
134;HUSI11;Hospital;R$ 91,10;1476.0;R$ 7,87;0,69%;0,00%;0,00%;0,00%;0,00%;0,00%;0,00%;2,24%;1,24%;1,94%;8,84%;R$ 116.353.437,37;R$ 999,93;9.0;0,79%;0,84%;1,63%;4,28%;;;0
135;HUSI11;Hospital;R$ 91,13;1247.0;R$ 7,87;0,69%;0,00%;0,00%;0,00%;0,00%;0,00%;0,00%;2,24%;1,24%;1,94%;8,84%;R$ 116.353.437,37;R$ 999,93;9.0;0,79%;0,84%;1,63%;4,28%;;;0
136;HUSI11;Hospital;R$ 91,36;2510.0;R$ 7,87;0,69%;0,00%;0,00%;0,00%;0,00%;0,00%;0,00%;2,24%;1,24%;1,94%;8,84%;R$ 116.353.437,37;R$ 999,93;9.0;0,79%;0,84%;1,63%;4,28%;;;0
137;HUSI11;Hospital;R$ 91,50;1800.0;R$ 7,87;0,69%;0,00%;0,00%;0,00%;0,00%;0,00%;0,00%;2,24%;1,24%;1,94%;8,84%;R$ 116.353.437,37;R$ 999,93;9.0;0,79%;0,84%;1,63%;4,28%;;;0
138;HUSI11;Hospital;R$ 91,45;3516.0;R$ 7,87;0,69%;0,00%;0,00%;0,00%;0,00%;0,00%;0,00%;2,24%;1,24%;1,94%;8,84%;R$ 116.353.437,37;R$ 999,93;9.0;0,79%;0,84%;1,63%;4,28%;;;0
139;HUSI11;Hospital;R$ 91,75;2259.0;R$ 7,87;0,69%;0,00%;0,00%;0,00%;0,00%;0,00%;0,00%;2,24%;1,24%;1,94%;8,84%;R$ 116.353.437,37;R$ 999,93;9.0;0,79%;0,84%;1,63%;4,28%;;;0
140;HUSI11;Hospital;R$ 91,96;7606.0;R$ 7,87;0,69%;0,00%;0,00%;0,00%;0,00%;0,00%;0,00%;2,24%;1,24%;1,94%;8,84%;R$ 116.353.437,37;R$ 999,93;9.0;0,79%;0,84%;1,63%;4,28%;;;0
141;PLRI11;Títulos e Val. Mob.;R$ 24,99;160.0;R$ 0,14;0,62%;2,27%;4,15%;11,97%;0,76%;0,69%;1,00%;10,95%;-7,09%;-6,52%;-33,91%;R$ 31.796.945,66;R$ 33,32;75.0;0,42%;-0,75%;-0,34%;-13,40%;;;0
142;BBRC11;Outros;R$ 93,41;706.0;R$ 0,99;0,99%;2,92%;5,90%;11,53%;0,97%;0,98%;0,96%;9,67%;-0,22%;0,77%;10,02%;R$ 169.678.849,01;R$ 106,72;88.0;0,93%;-0,09%;0,84%;8,39%;5,37%;1,08%;20
143;IDFI11;Híbrido;R$ 61,92;18.0;R$ 0,23;0,37%;2,21%;6,88%;0,00%;0,74%;1,15%;0,00%;12,08%;-1,88%;-1,52%;-31,43%;R$ 133.754.466,82;R$ 64,99;95.0;0,61%;-2,37%;-1,78%;-11,61%;;;0
144;RRCI11;Títulos e Val. Mob.;R$ 84,36;358.0;R$ 1,00;1,20%;3,83%;8,22%;16,17%;1,28%;1,37%;1,35%;13,78%;-3,05%;-1,88%;11,52%;R$ 46.186.699,52;R$ 95,87;88.0;1,04%;-0,39%;0,65%;11,40%;;;0
145;ATSA11;Shoppings;R$ 80,08;1.0;R$ 0,05;0,07%;0,31%;0,92%;2,82%;0,10%;0,15%;0,24%;0,13%;-5,04%;-4,97%;-4,91%;R$ 158.178.977,87;R$ 90,33;89.0;0,06%;0,10%;0,16%;0,61%;21,90%;;1
146;VTLT11;Logística;R$ 90,01;1066.0;R$ 0,83;0,85%;2,58%;5,33%;10,48%;0,86%;0,89%;0,87%;8,90%;1,24%;2,11%;16,11%;R$ 217.690.860,62;R$ 102,93;87.0;0,81%;0,05%;0,85%;7,99%;0,00%;0,00%;1
147;RBRS11;Híbrido;R$ 63,89;1541.0;R$ 0,43;0,70%;1,97%;4,50%;8,48%;0,66%;0,75%;0,71%;7,19%;-2,32%;-1,64%;-1,85%;R$ 155.438.181,69;R$ 89,63;71.0;0,48%;-0,06%;0,42%;-0,06%;;;0
148;BCRI11;Títulos e Val. Mob.;R$ 97,68;8748.0;R$ 1,00;0,98%;3,27%;7,20%;14,17%;1,09%;1,20%;1,18%;11,81%;-0,78%;0,19%;3,75%;R$ 647.665.969,70;R$ 103,50;94.0;1,06%;-1,08%;-0,03%;6,99%;;;0
149;TEPP11;Lajes Corporativas;R$ 75,00;4355.0;R$ 0,50;0,63%;1,80%;3,94%;8,06%;0,60%;0,66%;0,67%;6,66%;-5,71%;-5,12%;16,30%;R$ 380.210.556,08;R$ 90,06;83.0;0,54%;0,00%;0,55%;3,30%;9,06%;18,03%;5
150;BPFF11;Títulos e Val. Mob.;R$ 66,17;4203.0;R$ 0,62;0,90%;2,90%;6,44%;11,99%;0,97%;1,07%;1,00%;10,17%;-0,61%;0,29%;11,15%;R$ 351.643.821,51;R$ 78,28;85.0;0,79%;-0,75%;0,03%;7,83%;;;0
151;PATC11;Lajes Corporativas;R$ 69,75;973.0;R$ 0,40;0,52%;1,53%;3,84%;6,63%;0,51%;0,64%;0,55%;5,68%;1,29%;1,82%;23,45%;R$ 296.296.737,34;R$ 85,21;82.0;0,47%;-0,54%;-0,08%;2,28%;21,90%;18,90%;6
152;PLCR11;Híbrido;R$ 85,81;6258.0;R$ 1,10;1,27%;3,87%;7,99%;15,14%;1,29%;1,33%;1,26%;12,80%;3,07%;4,38%;11,51%;R$ 194.800.422,99;R$ 92,36;93.0;1,19%;0,35%;1,54%;9,68%;;;0
153;APTO11;Híbrido;R$ 8,90;4139.0;R$ 0,09;0,99%;3,26%;6,98%;0,00%;1,09%;1,16%;0,00%;11,08%;0,77%;1,77%;0,92%;R$ 40.313.044,83;R$ 10,05;89.0;0,90%;0,04%;0,93%;12,89%;;;0
154;SPVJ11;Outros;R$ 69,40;550.0;R$ 0,67;0,96%;0,96%;0,96%;0,96%;0,32%;0,16%;0,08%;0,96%;0,00%;0,96%;0,96%;R$ 736.412.043,88;R$ 116,67;59.0;0,57%;8,89%;9,51%;15,27%;;;0
155;SPVJ11;Outros;R$ 69,11;284.0;R$ 0,67;0,96%;0,96%;0,96%;0,96%;0,32%;0,16%;0,08%;0,96%;0,00%;0,96%;0,96%;R$ 736.412.043,88;R$ 116,67;59.0;0,57%;8,89%;9,51%;15,27%;;;0
156;SPVJ11;Outros;R$ 69,31;274.0;R$ 0,67;0,96%;0,96%;0,96%;0,96%;0,32%;0,16%;0,08%;0,96%;0,00%;0,96%;0,96%;R$ 736.412.043,88;R$ 116,67;59.0;0,57%;8,89%;9,51%;15,27%;;;0
157;SPVJ11;Outros;R$ 69,68;275.0;R$ 0,67;0,96%;0,96%;0,96%;0,96%;0,32%;0,16%;0,08%;0,96%;0,00%;0,96%;0,96%;R$ 736.412.043,88;R$ 116,67;60.0;0,57%;8,89%;9,51%;15,27%;;;0
158;SPVJ11;Outros;R$ 69,47;578.0;R$ 0,67;0,96%;0,96%;0,96%;0,96%;0,32%;0,16%;0,08%;0,96%;0,00%;0,96%;0,96%;R$ 736.412.043,88;R$ 116,67;60.0;0,57%;8,89%;9,51%;15,27%;;;0
159;SPVJ11;Outros;R$ 69,34;182.0;R$ 0,67;0,96%;0,96%;0,96%;0,96%;0,32%;0,16%;0,08%;0,96%;0,00%;0,96%;0,96%;R$ 736.412.043,88;R$ 116,67;59.0;0,57%;8,89%;9,51%;15,27%;;;0
160;SPVJ11;Outros;R$ 69,45;235.0;R$ 0,67;0,96%;0,96%;0,96%;0,96%;0,32%;0,16%;0,08%;0,96%;0,00%;0,96%;0,96%;R$ 736.412.043,88;R$ 116,67;60.0;0,57%;8,89%;9,51%;15,27%;;;0
161;SPVJ11;Outros;R$ 69,47;735.0;R$ 0,67;0,96%;0,96%;0,96%;0,96%;0,32%;0,16%;0,08%;0,96%;0,00%;0,96%;0,96%;R$ 736.412.043,88;R$ 116,67;60.0;0,57%;8,89%;9,51%;15,27%;;;0
162;SPVJ11;Outros;R$ 69,07;387.0;R$ 0,67;0,96%;0,96%;0,96%;0,96%;0,32%;0,16%;0,08%;0,96%;0,00%;0,96%;0,96%;R$ 736.412.043,88;R$ 116,67;59.0;0,57%;8,89%;9,51%;15,27%;;;0
163;HSLG11;Logística;R$ 88,00;11120.0;R$ 0,70;0,75%;2,20%;4,53%;8,69%;0,73%;0,76%;0,72%;7,35%;-1,53%;-0,80%;12,45%;R$ 1.332.738.182,25;R$ 105,27;84.0;0,66%;-0,03%;0,64%;0,37%;1,10%;;5
164;KNIP11;Títulos e Val. Mob.;R$ 92,15;130321.0;R$ 0,30;0,32%;1,32%;5,53%;13,77%;0,44%;0,92%;1,15%;10,88%;3,79%;4,12%;1,23%;R$ 7.792.811.693,25;R$ 96,64;95.0;0,31%;0,67%;0,98%;10,69%;;;0
165;KNCR11;Títulos e Val. Mob.;R$ 99,21;145837.0;R$ 1,10;1,10%;3,55%;6,76%;11,80%;1,18%;1,13%;0,98%;10,34%;-0,87%;0,22%;10,94%;R$ 5.594.359.606,83;R$ 100,68;99.0;1,09%;-0,16%;0,93%;10,57%;;;0
166;STRX11;Híbrido;R$ 109,95;443.0;R$ 0,79;0,72%;0,72%;0,72%;0,72%;0,24%;0,12%;0,06%;0,72%;0,00%;0,72%;0,72%;R$ 227.257.906,13;R$ 140,84;78.0;0,56%;0,00%;0,56%;5,41%;;;0
167;STRX11;Híbrido;R$ 110,00;3438.0;R$ 0,79;0,72%;0,72%;0,72%;0,72%;0,24%;0,12%;0,06%;0,72%;0,00%;0,72%;0,72%;R$ 227.257.906,13;R$ 140,84;78.0;0,56%;0,00%;0,56%;5,41%;;;0
168;STRX11;Híbrido;R$ 110,05;2959.0;R$ 0,79;0,72%;0,72%;0,72%;0,72%;0,24%;0,12%;0,06%;0,72%;0,00%;0,72%;0,72%;R$ 227.257.906,13;R$ 140,84;78.0;0,56%;0,00%;0,56%;5,41%;;;0
169;STRX11;Híbrido;R$ 110,05;2843.0;R$ 0,79;0,72%;0,72%;0,72%;0,72%;0,24%;0,12%;0,06%;0,72%;0,00%;0,72%;0,72%;R$ 227.257.906,13;R$ 140,84;78.0;0,56%;0,00%;0,56%;5,41%;;;0
170;STRX11;Híbrido;R$ 109,97;4744.0;R$ 0,79;0,72%;0,72%;0,72%;0,72%;0,24%;0,12%;0,06%;0,72%;0,00%;0,72%;0,72%;R$ 227.257.906,13;R$ 140,84;78.0;0,56%;0,00%;0,56%;5,41%;;;0
171;STRX11;Híbrido;R$ 110,18;2665.0;R$ 0,79;0,72%;0,72%;0,72%;0,72%;0,24%;0,12%;0,06%;0,72%;0,00%;0,72%;0,72%;R$ 227.257.906,13;R$ 140,84;78.0;0,56%;0,00%;0,56%;5,41%;;;0
172;STRX11;Híbrido;R$ 109,90;4250.0;R$ 0,79;0,72%;0,72%;0,72%;0,72%;0,24%;0,12%;0,06%;0,72%;0,00%;0,72%;0,72%;R$ 227.257.906,13;R$ 140,84;78.0;0,56%;0,00%;0,56%;5,41%;;;0
173;STRX11;Híbrido;R$ 110,00;3685.0;R$ 0,79;0,72%;0,72%;0,72%;0,72%;0,24%;0,12%;0,06%;0,72%;0,00%;0,72%;0,72%;R$ 227.257.906,13;R$ 140,84;78.0;0,56%;0,00%;0,56%;5,41%;;;0
174;VLOL11;Lajes Corporativas;R$ 104,01;163.0;R$ 0,61;0,58%;1,70%;3,47%;6,82%;0,57%;0,58%;0,57%;5,75%;-1,26%;-0,69%;19,88%;R$ 184.931.828,03;R$ 103,61;100.0;0,59%;0,01%;0,60%;4,07%;0,00%;;1
175;CCRF11;Títulos e Val. Mob.;R$ 97,96;5.0;R$ 0,70;0,74%;2,82%;6,74%;0,00%;0,94%;1,12%;0,00%;10,36%;3,01%;3,77%;5,41%;R$ 153.008.067,83;R$ 97,34;101.0;0,72%;0,02%;0,74%;2,34%;;;0
176;EQIR11;Títulos e Val. Mob.;R$ 9,50;972.0;R$ 0,11;1,12%;13,50%;16,98%;0,00%;4,50%;2,83%;0,00%;20,23%;0,31%;1,43%;-87,81%;R$ 50.004.574,36;R$ 9,95;95.0;;;;;;;0
177;HGLG11;Logística;R$ 163,84;33103.0;R$ 1,10;0,66%;1,96%;5,29%;9,65%;0,65%;0,88%;0,80%;7,94%;0,00%;0,66%;5,57%;R$ 3.451.634.033,37;R$ 147,15;111.0;0,75%;-0,25%;0,50%;7,58%;6,90%;6,50%;17
178;BBFO11;Títulos e Val. Mob.;R$ 70,69;3224.0;R$ 0,62;0,85%;2,74%;6,37%;12,33%;0,91%;1,06%;1,03%;10,51%;-5,95%;-5,15%;10,96%;R$ 344.178.087,42;R$ 85,96;82.0;0,72%;-1,04%;-0,33%;8,53%;;;0
179;JSAF11;Títulos e Val. Mob.;R$ 90,49;2295.0;R$ 0,93;0,99%;3,09%;6,49%;0,00%;1,03%;1,08%;0,00%;10,88%;5,94%;6,99%;26,64%;R$ 154.343.017,09;R$ 98,12;92.0;0,95%;-1,02%;-0,08%;10,56%;;;0
180;RNGO11;Lajes Corporativas;R$ 47,00;11514.0;R$ 0,43;0,87%;2,48%;5,12%;9,40%;0,83%;0,85%;0,78%;8,05%;-4,36%;-3,53%;4,80%;R$ 234.681.074,42;R$ 87,70;54.0;0,49%;0,03%;0,52%;4,88%;24,10%;;3
181;SHPH11;Shoppings;R$ 780,00;48.0;R$ 3,80;0,48%;1,53%;2,96%;5,78%;0,51%;0,49%;0,48%;4,90%;-0,13%;0,36%;2,13%;R$ 541.387.311,55;R$ 889,05;88.0;0,43%;0,01%;0,44%;3,62%;10,80%;;1
182;CACR11;Híbrido;R$ 100,47;4727.0;R$ 1,44;1,43%;4,51%;7,67%;16,05%;1,50%;1,28%;1,34%;13,16%;-0,11%;1,32%;6,48%;R$ 187.009.335,32;R$ 103,47;97.0;1,51%;0,27%;1,78%;35,75%;;;0
183;RBED11;Outros;R$ 127,49;995.0;R$ 1,23;0,93%;2,76%;5,73%;11,11%;0,92%;0,96%;0,93%;9,42%;-0,73%;0,20%;20,53%;R$ 301.968.647,66;R$ 141,17;90.0;0,87%;0,08%;0,95%;8,33%;0,00%;;5
184;RBVA11;Outros;R$ 92,21;7407.0;R$ 1,07;1,11%;3,25%;6,57%;12,16%;1,08%;1,10%;1,01%;10,34%;-0,32%;0,79%;8,03%;R$ 1.194.298.622,96;R$ 103,06;89.0;1,04%;0,18%;1,22%;9,95%;0,70%;;72
185;HABT11;Títulos e Val. Mob.;R$ 91,26;21799.0;R$ 0,90;0,94%;3,09%;7,03%;14,17%;1,03%;1,17%;1,18%;11,64%;3,60%;4,57%;-3,69%;R$ 809.941.950,97;R$ 99,66;92.0;0,90%;-0,60%;0,30%;14,53%;;;0
186;HSAF11;Títulos e Val. Mob.;R$ 84,40;2082.0;R$ 1,00;1,19%;3,56%;7,11%;14,24%;1,19%;1,18%;1,19%;13,18%;-1,20%;-0,02%;-3,26%;R$ 232.861.774,14;R$ 92,17;92.0;1,08%;-0,13%;0,95%;8,42%;;;0
187;CXAG11;Outros;R$ 79,50;2378.0;R$ 0,75;0,93%;2,82%;5,92%;0,00%;0,94%;0,99%;0,00%;8,82%;0,70%;1,64%;15,50%;R$ 241.476.769,69;R$ 115,50;69.0;0,65%;0,64%;1,29%;17,40%;;;0
188;GTWR11;Lajes Corporativas;R$ 81,40;5499.0;R$ 0,74;0,88%;2,68%;5,79%;11,22%;0,89%;0,97%;0,94%;9,46%;3,02%;3,93%;9,37%;R$ 1.176.184.659,40;R$ 98,02;83.0;0,75%;0,02%;0,78%;7,25%;0,00%;0,00%;1
189;XPHT11;Hotel;R$ 114,00;8.0;R$ 1,60;1,47%;3,38%;4,59%;6,46%;1,13%;0,76%;0,54%;4,69%;-3,35%;-1,94%;16,69%;R$ 358.637.199,59;R$ 94,26;121.0;1,70%;0,14%;1,84%;5,15%;64,90%;;5
190;XPLG11;Logística;R$ 100,31;38558.0;R$ 0,74;0,69%;2,04%;4,24%;8,29%;0,68%;0,71%;0,69%;6,96%;-0,68%;0,01%;16,68%;R$ 3.096.972.945,45;R$ 114,27;88.0;0,65%;0,05%;0,70%;10,55%;8,80%;1,20%;13
191;ARRI11;Títulos e Val. Mob.;R$ 8,97;33434.0;R$ 0,11;1,19%;3,93%;8,04%;16,63%;1,31%;1,34%;1,39%;13,29%;3,70%;4,93%;-89,51%;R$ 108.613.266,44;R$ 9,22;97.0;1,52%;-0,68%;0,83%;-89,02%;;;0
192;RBVO11;Outros;R$ 10,98;531.0;R$ 0,03;0,27%;0,82%;1,54%;3,58%;0,27%;0,26%;0,30%;2,94%;-1,25%;-0,98%;-7,16%;R$ 9.010.547,56;R$ 17,47;63.0;0,17%;1,85%;2,02%;-22,07%;;;0
193;RDPD11;Títulos e Val. Mob.;R$ 35,60;2188.0;R$ 0,44;1,25%;3,44%;6,67%;12,94%;1,15%;1,11%;1,08%;11,25%;-29,15%;-28,27%;-30,46%;R$ 58.132.763,28;R$ 53,92;66.0;0,82%;-1,24%;-0,44%;0,69%;;;0
194;KINP11;Residencial;R$ 9,39;517.0;R$ 0,14;1,47%;4,34%;11,63%;0,00%;1,45%;1,94%;0,00%;16,21%;-2,32%;-0,88%;-23,63%;R$ 36.608.050,97;R$ 5,12;183.0;2,66%;-4,09%;-1,54%;2,66%;;;0
195;LASC11;Shoppings;R$ 92,00;16.0;R$ 0,81;0,88%;2,20%;4,25%;7,92%;0,73%;0,71%;0,66%;7,27%;0,00%;0,88%;9,91%;R$ 323.242.354,39;R$ 109,94;84.0;0,74%;-2,42%;-1,70%;1,79%;2,40%;;3
196;HTMX11;Hotel;R$ 106,46;3255.0;R$ 0,91;0,78%;1,58%;2,63%;5,34%;0,53%;0,44%;0,44%;1,58%;3,38%;4,19%;5,02%;R$ 188.283.438,93;R$ 125,16;85.0;0,72%;-0,12%;0,60%;0,60%;65,00%;;23
197;VCRR11;Residencial;R$ 74,50;769.0;R$ 0,67;0,89%;2,54%;5,34%;10,74%;0,85%;0,89%;0,90%;8,92%;-7,07%;-6,24%;6,47%;R$ 239.991.594,89;R$ 120,00;62.0;0,56%;0,03%;0,59%;5,46%;;;0
198;KNHY11;Títulos e Val. Mob.;R$ 96,16;34868.0;R$ 0,47;0,47%;1,64%;5,72%;13,46%;0,55%;0,95%;1,12%;10,66%;3,02%;3,51%;2,99%;R$ 1.823.754.510,11;R$ 98,63;97.0;0,48%;1,05%;1,53%;11,85%;;;0
199;URPR11;Outros;R$ 99,46;40115.0;R$ 1,13;1,11%;3,97%;8,53%;17,64%;1,32%;1,42%;1,47%;14,41%;0,04%;1,15%;-2,75%;R$ 1.180.250.715,71;R$ 101,09;98.0;1,12%;-0,34%;0,78%;23,72%;;;0
200;HUSC11;Outros;R$ 108,00;10.0;R$ 0,87;0,74%;2,44%;5,38%;8,71%;0,81%;0,90%;0,73%;7,71%;0,86%;1,61%;13,52%;R$ 113.469.226,80;R$ 142,80;76.0;0,65%;0,00%;0,65%;4,03%;;;0
201;NVIF11B;Outros;R$ 95,90;88.0;R$ 0,44;0,00%;0,00%;0,00%;0,00%;0,00%;0,00%;0,00%;;0,00%;0,00%;0,00%;R$ 96.965.945,92;R$ 287,39;33.0;0,15%;3,38%;3,54%;14,24%;;;0
202;NVIF11B;Outros;R$ 95,96;971.0;R$ 0,44;0,00%;0,00%;0,00%;0,00%;0,00%;0,00%;0,00%;;0,00%;0,00%;0,00%;R$ 96.965.945,92;R$ 287,39;33.0;0,15%;3,38%;3,54%;14,24%;;;0
203;NVIF11B;Outros;R$ 95,96;1257.0;R$ 0,44;0,00%;0,00%;0,00%;0,00%;0,00%;0,00%;0,00%;;0,00%;0,00%;0,00%;R$ 96.965.945,92;R$ 287,39;33.0;0,15%;3,38%;3,54%;14,24%;;;0
204;NVIF11B;Outros;R$ 96,52;1760.0;R$ 0,44;0,00%;0,00%;0,00%;0,00%;0,00%;0,00%;0,00%;;0,00%;0,00%;0,00%;R$ 96.965.945,92;R$ 287,39;34.0;0,15%;3,38%;3,54%;14,24%;;;0
205;NVIF11B;Outros;R$ 96,14;1449.0;R$ 0,44;0,00%;0,00%;0,00%;0,00%;0,00%;0,00%;0,00%;;0,00%;0,00%;0,00%;R$ 96.965.945,92;R$ 287,39;33.0;0,15%;3,38%;3,54%;14,24%;;;0
206;NVIF11B;Outros;R$ 96,15;1508.0;R$ 0,44;0,00%;0,00%;0,00%;0,00%;0,00%;0,00%;0,00%;;0,00%;0,00%;0,00%;R$ 96.965.945,92;R$ 287,39;33.0;0,15%;3,38%;3,54%;14,24%;;;0
207;NVIF11B;Outros;R$ 95,92;558.0;R$ 0,44;0,00%;0,00%;0,00%;0,00%;0,00%;0,00%;0,00%;;0,00%;0,00%;0,00%;R$ 96.965.945,92;R$ 287,39;33.0;0,15%;3,38%;3,54%;14,24%;;;0
208;NVIF11B;Outros;R$ 95,81;2665.0;R$ 0,44;0,00%;0,00%;0,00%;0,00%;0,00%;0,00%;0,00%;;0,00%;0,00%;0,00%;R$ 96.965.945,92;R$ 287,39;33.0;0,15%;3,38%;3,54%;14,24%;;;0
209;NVIF11B;Outros;R$ 96,20;1534.0;R$ 0,44;0,00%;0,00%;0,00%;0,00%;0,00%;0,00%;0,00%;;0,00%;0,00%;0,00%;R$ 96.965.945,92;R$ 287,39;33.0;0,15%;3,38%;3,54%;14,24%;;;0
210;NEWL11;Híbrido;R$ 98,00;971.0;R$ 0,90;0,89%;2,65%;6,28%;11,57%;0,88%;1,05%;0,96%;9,44%;-0,79%;0,10%;8,13%;R$ 246.735.393,74;R$ 121,36;81.0;0,74%;0,12%;0,86%;13,25%;0,00%;;2
211;LVBI11;Logística;R$ 102,00;12823.0;R$ 0,75;0,69%;2,11%;4,32%;8,64%;0,70%;0,72%;0,72%;5,76%;0,00%;0,69%;21,62%;R$ 1.360.519.943,04;R$ 115,54;88.0;0,65%;0,04%;0,69%;3,82%;0,50%;0,00%;10
212;HSRE11;Híbrido;R$ 101,50;4.0;R$ 0,63;0,62%;1,88%;3,63%;7,32%;0,63%;0,60%;0,61%;5,87%;-0,15%;0,48%;6,92%;R$ 819.700.436,58;R$ 96,23;105.0;0,65%;0,06%;0,71%;5,18%;0,00%;;29
213;JPPA11;Títulos e Val. Mob.;R$ 104,50;3425.0;R$ 1,50;1,43%;4,45%;10,04%;18,75%;1,48%;1,67%;1,56%;16,08%;-1,19%;0,23%;26,01%;R$ 70.328.481,77;R$ 99,77;105.0;1,50%;0,38%;1,89%;11,01%;;;0
214;RZTR11;Híbrido;R$ 99,18;45177.0;R$ 1,25;1,22%;3,61%;7,28%;14,57%;1,20%;1,21%;1,21%;13,34%;-1,89%;-0,70%;12,49%;R$ 1.075.066.603,90;R$ 97,31;102.0;1,28%;-0,23%;1,05%;8,97%;;;10
215;QAMI11;Híbrido;R$ 81,88;127.0;R$ 0,80;0,95%;3,04%;7,26%;15,39%;1,01%;1,21%;1,28%;12,19%;-0,17%;0,78%;-4,25%;R$ 74.533.196,45;R$ 93,00;88.0;0,86%;0,77%;1,64%;11,52%;;;0
216;BICR11;Títulos e Val. Mob.;R$ 97,26;2.0;R$ 1,01;0,99%;2,52%;4,60%;9,00%;0,84%;0,77%;0,75%;7,72%;-0,03%;0,96%;16,73%;R$ 50.440.663,35;R$ 100,88;96.0;1,00%;0,40%;1,41%;9,28%;;;0
217;OUJP11;Títulos e Val. Mob.;R$ 95,95;3962.0;R$ 1,20;1,26%;3,86%;8,28%;15,87%;1,29%;1,38%;1,32%;13,65%;2,38%;3,67%;19,50%;R$ 328.901.361,47;R$ 101,13;95.0;1,19%;0,26%;1,45%;13,54%;;;0
218;HGRE11;Lajes Corporativas;R$ 130,00;12700.0;R$ 0,78;0,57%;1,67%;3,51%;8,32%;0,56%;0,58%;0,69%;5,73%;-0,54%;0,02%;10,23%;R$ 1.911.617.481,95;R$ 161,76;80.0;0,48%;-0,06%;0,42%;1,72%;27,13%;29,17%;21
219;LGCP11;Logística;R$ 83,36;5352.0;R$ 0,62;0,73%;2,19%;4,55%;8,93%;0,73%;0,76%;0,74%;7,55%;-0,91%;-0,19%;10,84%;R$ 280.859.966,59;R$ 102,77;81.0;0,60%;0,60%;1,21%;6,87%;0,50%;;5
220;NSLU11;Hospital;R$ 165,69;2776.0;R$ 1,41;0,87%;1,66%;3,92%;9,06%;0,55%;0,65%;0,76%;2,42%;0,00%;0,87%;15,00%;R$ 251.770.972,69;R$ 194,68;85.0;0,72%;0,06%;0,78%;2,27%;0,00%;;1
221;FIIP11B;Logística;R$ 150,04;665.0;R$ 1,35;0,85%;2,50%;5,06%;9,75%;0,83%;0,84%;0,81%;8,21%;-1,00%;-0,16%;4,54%;R$ 172.824.415,02;R$ 186,40;80.0;0,72%;0,08%;0,81%;-0,48%;0,00%;;7
222;KFOF11;Títulos e Val. Mob.;R$ 83,10;6430.0;R$ 0,72;0,80%;2,40%;5,11%;10,03%;0,80%;0,85%;0,84%;8,55%;-2,27%;-1,48%;28,48%;R$ 446.027.322,58;R$ 98,39;84.0;0,73%;-1,84%;-1,12%;12,53%;;;0
223;HGIC11;Títulos e Val. Mob.;R$ 106,37;3748.0;R$ 1,21;1,13%;3,10%;6,00%;11,90%;1,03%;1,00%;0,99%;9,78%;1,42%;2,56%;11,24%;R$ 33.581.846,82;R$ 116,44;91.0;1,04%;0,78%;1,82%;18,39%;;;0
224;CRFF11;Títulos e Val. Mob.;R$ 74,68;11.0;R$ 0,63;0,80%;2,45%;5,20%;9,69%;0,82%;0,87%;0,81%;8,34%;4,65%;5,49%;22,96%;R$ 61.877.632,14;R$ 89,67;83.0;0,70%;-0,90%;-0,21%;11,06%;;;0
225;ITIT11;Títulos e Val. Mob.;R$ 79,48;980.0;R$ 0,58;0,71%;2,17%;4,53%;9,05%;0,72%;0,75%;0,75%;7,60%;0,00%;0,71%;21,95%;R$ 76.173.259,19;R$ 84,59;94.0;0,69%;-1,74%;-1,07%;12,68%;;;0
226;XPCM11;Lajes Corporativas;R$ 15,10;3448.0;R$ 0,15;0,87%;2,40%;5,44%;10,69%;0,80%;0,91%;0,89%;9,23%;0,00%;0,87%;-1,73%;R$ 125.394.127,99;R$ 51,93;29.0;0,29%;-0,59%;-0,30%;-2,53%;100,00%;;1
227;BTRA11;Outros;R$ 85,91;6244.0;R$ 0,80;0,92%;2,46%;5,11%;10,65%;0,82%;0,85%;0,89%;7,85%;0,00%;0,92%;-4,00%;R$ 347.696.797,12;R$ 103,34;83.0;0,77%;-0,69%;0,08%;3,71%;;;0
228;VIFI11;Títulos e Val. Mob.;R$ 7,43;28055.0;R$ 0,06;0,80%;2,39%;4,98%;10,11%;0,80%;0,83%;0,84%;8,40%;0,00%;0,80%;5,08%;R$ 75.800.518,38;R$ 9,37;79.0;0,64%;-0,77%;-0,14%;-68,07%;;;0
229;BTWR11;Lajes Corporativas;R$ 105,49;1600.0;R$ 0,42;0,40%;1,22%;2,13%;3,16%;0,41%;0,35%;0,26%;3,16%;0,00%;0,40%;1,75%;R$ 90.324.451,30;R$ 111,61;95.0;0,43%;0,07%;0,51%;6,17%;12,00%;;1
230;BTSG11;Híbrido;R$ 100,00;1.0;R$ 0,87;0,86%;1,72%;1,72%;0,00%;0,57%;0,29%;0,00%;1,72%;0,00%;0,86%;1,73%;R$ 103.341.425,67;R$ 133,34;75.0;0,65%;0,00%;0,65%;5,34%;;;0
231;TRXF11;Outros;R$ 104,81;22971.0;R$ 0,85;0,78%;2,33%;5,08%;9,98%;0,78%;0,85%;0,83%;8,27%;0,00%;0,78%;17,10%;R$ 895.339.591,18;R$ 100,81;104.0;0,84%;-2,12%;-1,30%;8,77%;0,00%;;44
232;HPDP11;Shoppings;R$ 78,20;127.0;R$ 0,55;0,69%;1,84%;3,47%;6,79%;0,61%;0,58%;0,57%;5,65%;0,00%;0,69%;0,50%;R$ 275.950.685,39;R$ 94,87;82.0;0,58%;-0,12%;0,46%;5,11%;2,00%;;1
233;HFOF11;Títulos e Val. Mob.;R$ 74,00;22811.0;R$ 0,62;0,78%;2,37%;4,94%;9,56%;0,79%;0,82%;0,80%;8,07%;0,00%;0,78%;8,90%;R$ 1.977.685.141,08;R$ 85,99;86.0;0,72%;-1,48%;-0,77%;9,06%;;;0
234;HOSI11;Híbrido;R$ 62,61;3.0;R$ 0,44;0,68%;2,01%;3,69%;7,19%;0,67%;0,62%;0,60%;5,69%;0,00%;0,68%;-7,18%;R$ 53.303.825,45;R$ 92,95;67.0;0,47%;0,20%;0,67%;4,60%;;;2
235;JSRE11;Híbrido;R$ 76,64;37732.0;R$ 0,49;0,57%;1,70%;3,62%;7,68%;0,57%;0,60%;0,64%;6,28%;0,00%;0,57%;15,09%;R$ 2.355.350.509,30;R$ 113,42;68.0;0,43%;-0,11%;0,32%;3,89%;14,80%;13,40%;5
236;VSHO11;Shoppings;R$ 73,99;125.0;R$ 0,53;0,71%;2,14%;4,56%;8,97%;0,71%;0,76%;0,75%;7,52%;0,00%;0,71%;2,98%;R$ 207.312.946,11;R$ 98,78;75.0;0,54%;0,67%;1,21%;2,73%;12,96%;;3
237;VISC11;Shoppings;R$ 105,01;22574.0;R$ 0,75;0,67%;1,96%;4,05%;8,20%;0,65%;0,67%;0,68%;6,78%;0,00%;0,67%;20,05%;R$ 2.034.614.659,41;R$ 114,97;91.0;0,65%;0,21%;0,86%;5,26%;8,30%;;15
238;RFOF11;Títulos e Val. Mob.;R$ 71,71;1081.0;R$ 0,73;0,95%;2,81%;5,69%;11,13%;0,94%;0,95%;0,93%;9,36%;0,00%;0,95%;14,40%;R$ 92.461.368,65;R$ 85,76;84.0;0,85%;-1,09%;-0,25%;6,65%;;;0
239;KCRE11;Renda;R$ 90,90;4008.0;R$ 0,35;0,37%;0,00%;0,00%;0,00%;0,00%;0,00%;0,00%;0,73%;0,00%;0,37%;6,03%;R$ 363.384.085,47;R$ 100,94;90.0;0,35%;0,22%;0,57%;3,06%;;;0
240;ERCR11;Híbrido;R$ 89,10;177.0;R$ 139,45;0,00%;0,00%;0,00%;0,00%;0,00%;0,00%;0,00%;;0,00%;0,00%;0,00%;R$ 164.681.982,75;R$ 69.310,60;0.0;;;;;;;0
241;ERCR11;Híbrido;R$ 89,20;4779.0;R$ 139,45;0,00%;0,00%;0,00%;0,00%;0,00%;0,00%;0,00%;;0,00%;0,00%;0,00%;R$ 164.681.982,75;R$ 69.310,60;0.0;;;;;;;0
242;ERCR11;Híbrido;R$ 88,55;2738.0;R$ 139,45;0,00%;0,00%;0,00%;0,00%;0,00%;0,00%;0,00%;;0,00%;0,00%;0,00%;R$ 164.681.982,75;R$ 69.310,60;0.0;;;;;;;0
243;ERCR11;Híbrido;R$ 89,31;2315.0;R$ 139,45;0,00%;0,00%;0,00%;0,00%;0,00%;0,00%;0,00%;;0,00%;0,00%;0,00%;R$ 164.681.982,75;R$ 69.310,60;0.0;;;;;;;0
244;ERCR11;Híbrido;R$ 88,83;6123.0;R$ 139,45;0,00%;0,00%;0,00%;0,00%;0,00%;0,00%;0,00%;;0,00%;0,00%;0,00%;R$ 164.681.982,75;R$ 69.310,60;0.0;;;;;;;0
245;ERCR11;Híbrido;R$ 88,66;2350.0;R$ 139,45;0,00%;0,00%;0,00%;0,00%;0,00%;0,00%;0,00%;;0,00%;0,00%;0,00%;R$ 164.681.982,75;R$ 69.310,60;0.0;;;;;;;0
246;ERCR11;Híbrido;R$ 88,30;9724.0;R$ 139,45;0,00%;0,00%;0,00%;0,00%;0,00%;0,00%;0,00%;;0,00%;0,00%;0,00%;R$ 164.681.982,75;R$ 69.310,60;0.0;;;;;;;0
247;ERCR11;Híbrido;R$ 88,24;3488.0;R$ 139,45;0,00%;0,00%;0,00%;0,00%;0,00%;0,00%;0,00%;;0,00%;0,00%;0,00%;R$ 164.681.982,75;R$ 69.310,60;0.0;;;;;;;0
248;VVPR11;Híbrido;R$ 101,50;2211.0;R$ 0,89;0,88%;2,47%;4,88%;9,73%;0,82%;0,81%;0,81%;6,57%;2,01%;2,91%;15,95%;R$ 226.032.234,18;R$ 98,03;104.0;;;;;0,00%;;6
249;BRCO11;Logística;R$ 100,22;32334.0;R$ 0,70;0,64%;1,92%;4,01%;7,86%;0,64%;0,67%;0,66%;6,56%;0,00%;0,64%;20,18%;R$ 1.760.902.381,70;R$ 119,15;84.0;0,59%;0,07%;0,65%;5,56%;0,00%;0,00%;10
250;BNFS11;Outros;R$ 121,21;393.0;R$ 1,51;1,21%;3,65%;7,30%;13,67%;1,22%;1,22%;1,14%;11,54%;0,00%;1,21%;10,48%;R$ 69.475.822,86;R$ 99,25;122.0;1,53%;0,00%;1,53%;12,03%;0,00%;;18
251;VINO11;Lajes Corporativas;R$ 47,89;21221.0;R$ 0,34;0,68%;2,03%;4,27%;8,90%;0,68%;0,71%;0,74%;7,03%;0,00%;0,68%;3,82%;R$ 896.802.385,02;R$ 54,14;88.0;0,63%;0,47%;1,10%;3,98%;4,20%;;9
252;PQDP11;Shoppings;R$ 2.130,01;45.0;R$ 18,55;0,82%;2,34%;4,49%;8,69%;0,78%;0,75%;0,72%;6,06%;0,00%;0,82%;17,22%;R$ 813.169.973,83;R$ 3.312,13;64.0;0,56%;-0,03%;0,53%;1,13%;3,60%;;1
253;BBFI11B;Lajes Corporativas;R$ 1.910,98;141.0;R$ 26,88;1,41%;4,13%;8,47%;16,31%;1,38%;1,41%;1,36%;13,34%;0,00%;1,41%;-5,07%;R$ 375.984.464,64;R$ 2.892,19;66.0;0,92%;0,23%;1,15%;5,45%;39,11%;;2
254;BBPO11;Lajes Corporativas;R$ 90,85;15908.0;R$ 0,92;0,99%;3,01%;6,34%;12,25%;1,00%;1,06%;1,02%;10,31%;0,00%;0,99%;9,45%;R$ 1.596.823.411,70;R$ 100,30;91.0;0,92%;0,11%;1,03%;14,72%;0,00%;0,00%;64
255;RBLG11;Logística;R$ 98,50;21.0;R$ 0,88;0,89%;2,74%;5,50%;10,84%;0,91%;0,92%;0,90%;7,31%;0,00%;0,89%;16,59%;R$ 64.943.404,61;R$ 101,44;97.0;0,87%;-0,40%;0,46%;2,83%;0,00%;;1
256;BBIM11;Títulos e Val. Mob.;;;R$ 0,45;0,00%;0,00%;0,00%;0,00%;0,00%;0,00%;0,00%;;0,00%;0,00%;0,00%;R$ 32.188.134,15;R$ 31,10;;1,45%;-0,42%;1,02%;-29,61%;;;0
257;BCIA11;Títulos e Val. Mob.;R$ 86,39;4478.0;R$ 0,76;0,83%;2,47%;5,13%;9,88%;0,82%;0,86%;0,82%;8,34%;0,00%;0,83%;15,16%;R$ 398.766.701,50;R$ 107,22;81.0;0,71%;-1,12%;-0,42%;10,10%;;;0
258;CBOP11;Lajes Corporativas;R$ 56,39;328.0;R$ 0,49;0,87%;2,55%;5,82%;13,82%;0,85%;0,97%;1,15%;8,89%;0,00%;0,87%;-15,33%;R$ 107.059.741,15;R$ 75,66;75.0;0,65%;-0,54%;0,11%;-11,19%;33,59%;30,79%;1
259;GESE11B;Outros;R$ 1.520,00;300.0;R$ 13,69;0,00%;0,00%;0,00%;0,00%;0,00%;0,00%;0,00%;;0,00%;0,00%;0,00%;R$ 91.931.349,49;R$ 1.767,91;86.0;0,77%;0,02%;0,80%;1,60%;;;0
260;EURO11;Logística;R$ 228,01;307.0;R$ 1,83;0,81%;2,27%;4,68%;9,68%;0,76%;0,78%;0,81%;8,03%;0,00%;0,81%;21,78%;R$ 120.125.755,03;R$ 312,88;73.0;0,58%;0,11%;0,69%;6,02%;0,00%;;6
261;CXRI11;Híbrido;R$ 68,48;566.0;R$ 0,55;0,79%;2,37%;5,12%;9,72%;0,79%;0,85%;0,81%;8,25%;0,00%;0,79%;9,05%;R$ 139.445.989,22;R$ 88,49;77.0;0,62%;-1,25%;-0,64%;10,56%;;;0
262;KNSC11;Títulos e Val. Mob.;R$ 85,25;40352.0;R$ 0,52;0,59%;1,97%;5,56%;13,11%;0,66%;0,93%;1,09%;10,23%;0,00%;0,59%;-1,42%;R$ 1.189.926.884,16;R$ 89,63;95.0;0,58%;0,47%;1,06%;10,30%;;;0
263;RBFF11;Títulos e Val. Mob.;R$ 54,00;4558.0;R$ 0,51;0,92%;2,66%;5,51%;10,85%;0,89%;0,92%;0,90%;9,12%;0,00%;0,92%;9,90%;R$ 252.391.278,97;R$ 67,32;80.0;0,76%;-0,80%;-0,04%;11,09%;;;0
264;FIGS11;Shoppings;R$ 51,32;7711.0;R$ 0,38;0,70%;2,01%;4,34%;8,38%;0,67%;0,72%;0,70%;7,10%;0,00%;0,70%;5,80%;R$ 284.391.063,45;R$ 99,79;51.0;0,38%;0,18%;0,56%;3,98%;13,70%;;2
265;GGRC11;Logística;R$ 116,50;10832.0;R$ 1,08;0,88%;2,47%;5,00%;9,67%;0,82%;0,83%;0,81%;8,20%;0,00%;0,88%;14,01%;R$ 967.982.208,71;R$ 124,77;93.0;0,87%;-0,17%;0,70%;1,38%;0,00%;0,00%;20
266;SDIL11;Logística;R$ 92,53;13336.0;R$ 0,79;0,83%;2,43%;4,99%;10,11%;0,81%;0,83%;0,84%;8,39%;0,00%;0,83%;19,71%;R$ 630.195.155,94;R$ 98,54;94.0;0,80%;-0,17%;0,63%;9,19%;2,60%;;5
267;PQAG11;Logística;R$ 54,85;96.0;R$ 0,44;0,81%;2,31%;4,49%;8,53%;0,77%;0,75%;0,71%;7,25%;0,00%;0,81%;3,69%;R$ 801.554.848,10;R$ 57,29;96.0;0,77%;-0,02%;0,75%;8,24%;0,00%;;1
268;VCJR11;Títulos e Val. Mob.;R$ 93,00;13623.0;R$ 0,25;0,27%;1,20%;5,34%;13,46%;0,40%;0,89%;1,12%;10,38%;0,00%;0,27%;5,21%;R$ 1.407.639.723,83;R$ 95,60;97.0;0,26%;1,20%;1,47%;12,68%;;;0
269;WPLZ11;Shoppings;R$ 79,48;10.0;R$ 0,50;0,63%;1,91%;3,55%;6,20%;0,64%;0,59%;0,52%;5,13%;0,00%;0,63%;17,37%;R$ 105.068.856,59;R$ 102,93;77.0;0,49%;0,03%;0,52%;4,02%;11,00%;;1
270;HGCR11;Títulos e Val. Mob.;R$ 102,38;22862.0;R$ 1,20;1,19%;3,53%;7,02%;13,30%;1,18%;1,17%;1,11%;12,12%;0,00%;1,19%;2,89%;R$ 1.493.415.204,57;R$ 101,82;101.0;1,18%;-0,16%;1,02%;10,71%;;;0
271;HGPO11;Lajes Corporativas;R$ 258,00;483.0;R$ 1,60;0,62%;1,85%;3,49%;6,72%;0,62%;0,58%;0,56%;5,56%;0,00%;0,62%;4,95%;R$ 469.653.081,85;R$ 267,91;96.0;0,60%;-0,05%;0,54%;4,81%;4,99%;2,72%;2
272;HGRU11;Híbrido;R$ 122,00;26739.0;R$ 0,82;0,65%;1,95%;4,61%;8,72%;0,65%;0,77%;0,73%;8,08%;0,00%;0,65%;25,03%;R$ 2.194.855.088,36;R$ 119,24;102.0;0,69%;0,29%;0,98%;7,07%;0,00%;0,00%;17
273;HSML11;Shoppings;R$ 85,27;31195.0;R$ 0,68;0,76%;2,26%;4,70%;9,06%;0,75%;0,78%;0,76%;7,68%;0,00%;0,76%;26,52%;R$ 1.539.577.351,43;R$ 97,56;87.0;0,70%;-0,52%;0,17%;3,74%;4,50%;;6
274;EDFO11B;Lajes Corporativas;R$ 202,90;5.0;R$ 1,82;0,92%;2,62%;5,06%;9,31%;0,87%;0,84%;0,78%;7,83%;0,00%;0,92%;-0,43%;R$ 45.317.043,18;R$ 192,02;106.0;0,92%;-0,97%;-0,06%;6,02%;7,10%;;1
275;XPCI11;Outros;R$ 83,20;39325.0;R$ 0,67;0,77%;2,78%;6,27%;12,97%;0,93%;1,05%;1,08%;10,95%;0,00%;0,77%;-0,18%;R$ 831.081.437,44;R$ 95,51;87.0;0,70%;-1,59%;-0,89%;11,61%;;;0
276;PORD11;Títulos e Val. Mob.;R$ 90,20;10297.0;R$ 0,90;0,95%;3,29%;7,80%;15,70%;1,10%;1,30%;1,31%;14,58%;0,00%;0,95%;16,29%;R$ 365.159.647,16;R$ 97,94;92.0;1,12%;-0,05%;1,07%;7,60%;;;0
277;BLMO11;Lajes Corporativas;R$ 20.000,00;40.0;R$ 26,02;0,13%;0,45%;0,70%;0,00%;0,15%;0,12%;0,00%;0,86%;0,00%;0,13%;-22,41%;R$ 111.755.359,35;R$ 29.432,54;68.0;0,11%;-0,08%;0,04%;12,89%;0,00%;;1
278;MXRF11;Híbrido;R$ 10,10;548285.0;R$ 0,10;0,98%;3,02%;6,39%;12,26%;1,01%;1,07%;1,02%;10,56%;0,00%;0,98%;24,62%;R$ 2.305.298.861,59;R$ 10,20;99.0;1,03%;0,58%;1,61%;4,89%;;;0
279;KNCA11;Títulos e Val. Mob.;R$ 106,18;7806.0;R$ 1,45;1,33%;3,98%;7,61%;0,00%;1,33%;1,27%;0,00%;10,83%;0,00%;1,33%;9,90%;R$ 827.704.658,59;R$ 102,19;104.0;1,42%;0,07%;1,49%;11,27%;;;0
280;KISU11;Títulos e Val. Mob.;R$ 8,30;123058.0;R$ 0,08;0,90%;2,65%;5,85%;10,86%;0,88%;0,97%;0,90%;9,20%;0,00%;0,90%;12,14%;R$ 414.610.309,11;R$ 9,38;88.0;0,80%;-0,19%;0,60%;7,15%;;;0
281;SARE11;Híbrido;R$ 69,40;19179.0;R$ 0,64;0,83%;2,49%;5,29%;10,66%;0,83%;0,88%;0,89%;8,73%;0,00%;0,83%;16,29%;R$ 902.700.885,02;R$ 97,75;71.0;0,65%;-0,29%;0,36%;5,13%;6,20%;;3
282;CXCO11;Lajes Corporativas;R$ 74,24;1586.0;R$ 0,72;0,94%;2,77%;5,66%;10,82%;0,92%;0,94%;0,90%;9,11%;0,00%;0,94%;3,64%;R$ 379.014.241,70;R$ 96,58;77.0;0,75%;0,04%;0,79%;7,99%;;;0
283;XPSF11;Outros;R$ 7,16;155486.0;R$ 0,08;1,02%;2,97%;5,90%;11,35%;0,99%;0,98%;0,95%;9,52%;0,00%;1,02%;-89,51%;R$ 387.866.121,99;R$ 8,96;80.0;0,85%;0,01%;0,86%;-89,08%;;;0
284;HREC11;Títulos e Val. Mob.;R$ 89,91;564.0;R$ 0,90;1,00%;2,70%;6,60%;12,57%;0,90%;1,10%;1,05%;10,47%;0,00%;1,00%;4,23%;R$ 470.810.658,96;R$ 91,30;98.0;0,99%;0,09%;1,08%;10,70%;;;0
285;VCRI11;;R$ 9,09;17184.0;R$ 0,12;1,33%;3,98%;8,82%;0,00%;1,33%;1,47%;0,00%;8,82%;0,00%;1,33%;3,97%;R$ 172.325.473,01;R$ 9,70;94.0;1,24%;0,14%;1,38%;1,78%;;;0
286;HGFF11;Títulos e Val. Mob.;R$ 76,40;4233.0;R$ 0,65;0,80%;2,41%;5,04%;9,89%;0,80%;0,84%;0,82%;8,29%;0,00%;0,80%;15,60%;R$ 264.976.875,42;R$ 92,53;83.0;0,70%;-0,12%;0,58%;9,82%;;;0
287;AIEC11;Lajes Corporativas;R$ 72,00;6180.0;R$ 0,74;1,00%;2,90%;5,82%;11,66%;0,97%;0,97%;0,97%;9,95%;0,00%;1,00%;4,22%;R$ 493.650.132,26;R$ 102,31;70.0;0,72%;0,89%;1,62%;8,34%;0,00%;;2
288;RMAI11;Lajes Corporativas;R$ 48,00;2001.0;R$ 0,26;0,58%;1,77%;4,06%;7,28%;0,59%;0,68%;0,61%;7,28%;0,00%;0,58%;20,97%;R$ 264.169.959,37;R$ 108,10;44.0;0,24%;0,01%;0,25%;1,96%;23,44%;;1
289;CYCR11;Títulos e Val. Mob.;R$ 8,36;80222.0;R$ 0,10;1,19%;3,45%;6,95%;0,00%;1,15%;1,16%;0,00%;11,75%;0,00%;1,19%;-90,61%;R$ 156.316.239,66;R$ 95,73;9.0;0,10%;0,01%;0,11%;6,79%;;;0
290;MXRF11;Híbrido;R$ 10,10;548285.0;R$ 0,11;1,02%;3,07%;6,44%;12,30%;1,02%;1,07%;1,03%;10,60%;0,49%;1,52%;25,29%;R$ 2.305.298.861,59;R$ 10,20;99.0;1,03%;0,58%;1,61%;4,89%;;;0
291;RCRB11;Lajes Corporativas;R$ 129,83;1720.0;R$ 0,76;0,56%;1,56%;3,27%;6,15%;0,52%;0,55%;0,51%;5,47%;-8,17%;-7,66%;23,80%;R$ 727.486.756,01;R$ 197,11;66.0;0,39%;-0,02%;0,36%;3,62%;28,40%;;10
292;ONEF11;Lajes Corporativas;R$ 170,00;82.0;R$ 0,92;0,54%;1,62%;3,35%;6,90%;0,54%;0,56%;0,57%;6,35%;-0,87%;-0,34%;40,71%;R$ 159.401.959,93;R$ 174,97;97.0;0,53%;0,02%;0,55%;4,88%;0,00%;;1
293;MBRF11;Outros;R$ 679,00;438.0;R$ 10,00;1,47%;4,42%;9,59%;17,77%;1,47%;1,60%;1,48%;16,27%;0,00%;1,47%;15,18%;R$ 115.491.134,72;R$ 1.136,01;60.0;0,88%;-0,17%;0,71%;10,03%;0,00%;;2
294;DCRA11;;R$ 9,14;86258.0;R$ 0,11;0,00%;0,00%;0,00%;0,00%;0,00%;0,00%;0,00%;;0,00%;0,00%;0,00%;;;;;;;;;;0
295;LSAG11;;R$ 113,86;297.0;R$ 1,85;0,00%;0,00%;0,00%;0,00%;0,00%;0,00%;0,00%;;0,00%;0,00%;0,00%;;;;;;;;;;0
296;ERPA11;;R$ 125,00;930.0;R$ 0,68;0,55%;1,65%;2,08%;0,00%;0,55%;0,35%;0,00%;2,32%;0,00%;0,55%;2,46%;R$ 58.206.319,32;R$ 116,20;108.0;0,58%;0,00%;0,59%;3,14%;;;0
297;FGAA11;;R$ 9,93;139059.0;R$ 0,16;0,00%;0,00%;0,00%;0,00%;0,00%;0,00%;0,00%;;0,00%;0,00%;0,00%;;;;;;;;;;0
298;FLMA11;Híbrido;R$ 123,98;616.0;R$ 0,95;0,76%;2,11%;4,34%;7,88%;0,70%;0,72%;0,66%;6,84%;-5,26%;-4,54%;13,59%;R$ 217.020.899,00;R$ 157,19;79.0;0,60%;0,02%;0,62%;5,75%;11,00%;;2
299;BLMR11;Títulos e Val. Mob.;R$ 7,02;61259.0;R$ 0,08;0,99%;2,96%;6,10%;12,02%;0,99%;1,02%;1,00%;10,08%;0,27%;1,26%;4,33%;R$ 215.896.183,24;R$ 8,45;83.0;0,89%;-0,42%;0,47%;8,31%;;;0
300;BREV11;Híbrido;R$ 120,00;1.0;R$ 0,77;0,64%;1,79%;3,61%;7,12%;0,60%;0,60%;0,59%;5,96%;13,70%;14,43%;33,36%;R$ 106.685.234,41;R$ 110,30;109.0;0,70%;-0,14%;0,56%;6,00%;0,00%;;12
301;SCPF11;Shoppings;R$ 5,63;309.0;R$ 0,01;0,23%;0,67%;1,68%;3,44%;0,22%;0,28%;0,29%;2,84%;0,99%;1,22%;-20,94%;R$ 52.805.152,64;R$ 12,57;45.0;0,11%;0,17%;0,28%;2,11%;29,30%;;1
302;VCRA11;Títulos e Valores Mobiliários;R$ 106,00;2231.0;R$ 1,50;0,00%;0,00%;0,00%;0,00%;0,00%;0,00%;0,00%;;0,00%;0,00%;0,00%;R$ 201.093.976,91;R$ 102,38;104.0;1,47%;0,00%;1,47%;1,47%;;;0
303;AGRX11;;R$ 10,24;2726.0;R$ 0,10;0,00%;0,00%;0,00%;0,00%;0,00%;0,00%;0,00%;;0,00%;0,00%;0,00%;;;;;;;;;;0
304;HGAG11;;R$ 103,58;1.0;R$ 0,55;0,00%;0,00%;0,00%;0,00%;0,00%;0,00%;0,00%;;0,00%;0,00%;0,00%;;;;;;;;;;0
305;OIAG11;;R$ 10,19;964.0;R$ 0,14;0,00%;0,00%;0,00%;0,00%;0,00%;0,00%;0,00%;;0,00%;0,00%;0,00%;;;;;;;;;;0
306;PLCA11;;R$ 92,57;1215.0;R$ 1,07;0,00%;0,00%;0,00%;0,00%;0,00%;0,00%;0,00%;;0,00%;0,00%;0,00%;;;;;;;;;;0
307;RURA11;;R$ 10,22;185289.0;R$ 0,14;0,00%;0,00%;0,00%;0,00%;0,00%;0,00%;0,00%;;0,00%;0,00%;0,00%;;;;;;;;;;0
308;DRIT11B;Lajes Corporativas;R$ 99,99;16.0;R$ 0,67;0,74%;2,15%;3,68%;0,00%;0,72%;0,61%;0,00%;3,40%;-5,27%;-4,57%;-2,01%;R$ 58.325.173,79;R$ 125,90;79.0;0,53%;-0,21%;0,32%;2,03%;10,47%;;6
309;GCRA11;Híbrido;R$ 99,74;1222.0;R$ 1,20;1,20%;3,59%;7,78%;0,00%;1,20%;1,30%;0,00%;11,73%;0,49%;1,70%;7,71%;R$ 171.582.258,95;R$ 98,00;102.0;1,22%;0,11%;1,33%;12,74%;;;0
310;BIME11;;R$ 7,95;3209.0;R$ 0,04;0,47%;2,74%;7,67%;0,00%;0,91%;1,28%;0,00%;12,61%;-6,00%;-5,56%;-0,94%;R$ 53.134.954,35;R$ 9,09;87.0;0,88%;-0,68%;0,20%;5,92%;;;0
311;FISC11;Lajes Corporativas;R$ 165,00;200.0;R$ 0,24;0,00%;0,00%;0,00%;0,00%;0,00%;0,00%;0,00%;;0,00%;0,00%;0,00%;R$ 197.266.687,70;R$ 116,04;142.0;0,21%;0,11%;0,31%;0,82%;;;0
312;FATN11;Híbrido;R$ 94,29;116.0;R$ 0,90;0,95%;2,76%;5,37%;10,04%;0,92%;0,90%;0,84%;8,55%;-0,68%;0,26%;0,63%;R$ 112.503.382,16;R$ 101,03;93.0;0,89%;-0,09%;0,80%;5,78%;4,30%;;7
313;NCHB11;Títulos e Val. Mob.;R$ 91,22;3746.0;R$ 1,25;1,32%;4,12%;8,60%;15,06%;1,37%;1,43%;1,25%;12,91%;0,69%;2,02%;9,35%;R$ 145.949.652,56;R$ 91,11;100.0;1,43%;0,21%;1,64%;1,71%;;;0
314;SNAG11;;R$ 100,04;16277.0;R$ 1,20;1,18%;0,00%;0,00%;0,00%;0,00%;0,00%;0,00%;2,37%;0,39%;1,57%;2,78%;R$ 151.912.404,87;R$ 101,27;99.0;1,18%;0,24%;1,43%;3,27%;;;0
315;JRDM11;Shoppings;R$ 82,00;722.0;R$ 0,47;0,57%;2,05%;3,78%;8,34%;0,68%;0,63%;0,70%;4,95%;0,00%;0,57%;21,94%;R$ 220.495.677,46;R$ 87,40;94.0;0,54%;0,03%;0,57%;3,44%;2,77%;;1
316;RBRL11;Logística;R$ 84,10;4521.0;R$ 0,65;0,73%;2,11%;4,41%;9,05%;0,70%;0,74%;0,75%;7,24%;-3,97%;-3,27%;4,85%;R$ 717.273.399,80;R$ 107,26;78.0;0,61%;-0,15%;0,45%;6,83%;0,00%;0,00%;6
317;CVBI11;Títulos e Val. Mob.;R$ 90,00;39841.0;R$ 0,66;0,73%;2,25%;6,05%;13,02%;0,75%;1,01%;1,09%;10,82%;-0,87%;-0,15%;-0,54%;R$ 1.042.724.455,64;R$ 94,71;95.0;0,70%;0,89%;1,59%;5,56%;;;0
318;BRCR11;Híbrido;R$ 59,50;35600.0;R$ 0,47;0,71%;2,19%;4,42%;8,70%;0,73%;0,74%;0,72%;5,86%;0,00%;0,71%;9,51%;R$ 2.674.906.709,91;R$ 100,42;59.0;0,47%;-0,54%;-0,07%;-2,53%;21,00%;25,80%;15
319;BMLC11;Lajes Corporativas;R$ 106,70;647.0;R$ 0,78;0,74%;2,21%;4,53%;9,15%;0,74%;0,75%;0,76%;7,32%;4,07%;4,84%;24,31%;R$ 109.009.776,98;R$ 109,18;98.0;0,67%;-0,05%;0,62%;2,58%;7,00%;;2
320;SEQR11;Outros;R$ 63,69;2470.0;R$ 0,67;1,00%;3,01%;6,08%;11,43%;1,00%;1,01%;0,95%;9,73%;1,15%;2,16%;1,65%;R$ 154.515.912,65;R$ 96,06;66.0;0,69%;0,09%;0,78%;6,92%;0,00%;;0
321;DVFF11;Híbrido;R$ 72,07;1311.0;R$ 0,70;0,95%;2,83%;6,19%;11,55%;0,94%;1,03%;0,96%;9,86%;-1,65%;-0,72%;-7,38%;R$ 105.011.501,59;R$ 95,38;76.0;0,73%;-0,30%;0,43%;12,27%;;;0
322;RECR11;Títulos e Val. Mob.;R$ 85,26;59367.0;R$ 0,44;0,50%;2,01%;5,90%;13,61%;0,67%;0,98%;1,13%;10,96%;-1,80%;-1,31%;-3,59%;R$ 2.520.729.187,28;R$ 95,33;89.0;0,46%;-0,03%;0,43%;11,86%;;;0
323;HCTR11;Outros;R$ 98,42;79606.0;R$ 1,10;1,09%;3,17%;7,14%;14,96%;1,06%;1,19%;1,25%;12,39%;-1,66%;-0,59%;-8,77%;R$ 2.684.538.725,13;R$ 121,56;81.0;0,90%;-0,08%;0,83%;15,96%;;;0
324;RECT11;Híbrido;R$ 55,87;13175.0;R$ 0,50;0,87%;2,48%;5,05%;9,71%;0,83%;0,84%;0,81%;8,10%;-5,69%;-4,87%;-10,62%;R$ 815.391.397,88;R$ 95,44;59.0;0,53%;0,00%;0,52%;2,96%;15,10%;;8
325;BTCR11;Títulos e Val. Mob.;R$ 87,80;7866.0;R$ 0,90;1,00%;2,93%;6,64%;13,56%;0,98%;1,11%;1,13%;11,59%;-6,19%;-5,26%;9,82%;R$ 455.338.035,52;R$ 94,66;93.0;0,95%;-0,24%;0,71%;2,98%;;;0
326;CEOC11;Lajes Corporativas;R$ 57,01;414.0;R$ 0,50;0,84%;2,48%;4,95%;9,79%;0,83%;0,83%;0,82%;8,23%;-1,96%;-1,13%;12,49%;R$ 163.105.846,62;R$ 89,83;63.0;0,56%;-0,08%;0,47%;2,62%;0,00%;;1
327;BLCA11;Lajes Corporativas;R$ 89,90;1.0;R$ 0,56;0,62%;1,79%;3,34%;0,00%;0,60%;0,56%;0,00%;4,37%;0,00%;0,62%;-2,48%;R$ 143.272.831,76;R$ 89,55;100.0;0,63%;0,51%;1,14%;-12,73%;0,00%;;1
328;TORD11;Outros;R$ 7,82;53220.0;R$ 0,07;0,88%;3,67%;6,54%;11,30%;1,22%;1,09%;0,94%;8,89%;-2,08%;-1,22%;-16,18%;R$ 495.931.112,91;R$ 14,15;55.0;0,49%;0,35%;0,85%;12,76%;;;0
329;MGFF11;Títulos e Val. Mob.;R$ 60,25;40385.0;R$ 0,53;0,82%;2,48%;5,26%;10,57%;0,83%;0,88%;0,88%;8,93%;-1,40%;-0,59%;12,25%;R$ 698.300.597,86;R$ 77,16;78.0;0,69%;-0,92%;-0,24%;2,59%;;;0
330;BLMG11;Logística;R$ 76,09;5497.0;R$ 0,80;0,95%;2,79%;5,83%;11,37%;0,93%;0,97%;0,95%;9,46%;-6,10%;-5,21%;-1,92%;R$ 357.215.100,57;R$ 93,74;81.0;0,85%;1,39%;2,26%;0,20%;0,00%;0,00%;4
331;CPFF11;Híbrido;R$ 71,77;32279.0;R$ 0,62;0,83%;2,46%;5,07%;10,16%;0,82%;0,85%;0,85%;8,64%;-1,17%;-0,36%;14,32%;R$ 440.345.280,92;R$ 80,80;89.0;0,77%;-0,83%;-0,07%;8,68%;;;0
332;BCFF11;Títulos e Val. Mob.;R$ 67,98;36393.0;R$ 0,56;0,81%;2,38%;4,99%;9,62%;0,79%;0,83%;0,80%;8,14%;-1,13%;-0,33%;4,36%;R$ 1.972.331.202,27;R$ 78,31;87.0;0,72%;-0,10%;0,61%;3,46%;;;0
333;FLCR11;Títulos e Val. Mob.;R$ 92,33;428.0;R$ 0,75;0,81%;2,63%;7,22%;15,98%;0,88%;1,20%;1,33%;12,68%;-1,38%;-0,59%;5,57%;R$ 62.818.707,63;R$ 99,15;93.0;0,76%;-0,45%;0,30%;7,69%;;;0
334;GTLG11;;R$ 37,00;300.0;R$ 0,70;0,71%;2,13%;4,23%;8,44%;0,71%;0,71%;0,70%;7,04%;-0,01%;0,70%;6,72%;R$ 672.598.968,17;R$ 93,77;39.0;0,75%;0,35%;1,10%;3,05%;;;0
335;GTLG11;;R$ 37,00;100.0;R$ 0,70;0,71%;2,13%;4,23%;8,44%;0,71%;0,71%;0,70%;7,04%;-0,01%;0,70%;6,72%;R$ 672.598.968,17;R$ 93,77;39.0;0,75%;0,35%;1,10%;3,05%;;;0
336;VSLH11;Outros;R$ 8,98;70198.0;R$ 0,12;1,33%;3,74%;7,29%;14,35%;1,25%;1,21%;1,20%;12,06%;-0,66%;0,66%;4,29%;R$ 314.291.044,87;R$ 10,52;85.0;1,14%;0,23%;1,37%;18,55%;;;0
337;FAED11;Outros;R$ 152,02;658.0;R$ 1,54;0,99%;2,99%;6,29%;11,82%;1,00%;1,05%;0,99%;10,21%;-1,87%;-0,90%;19,00%;R$ 138.819.579,88;R$ 216,17;70.0;0,71%;0,00%;0,71%;4,21%;0,00%;;3
338;CXCI11;;R$ 80,00;1972.0;R$ 0,83;1,04%;3,02%;6,11%;0,00%;1,01%;1,02%;0,00%;6,91%;-3,42%;-2,41%;-2,61%;R$ 203.060.610,96;R$ 98,68;81.0;0,84%;-0,19%;0,65%;6,37%;;;0
339;RELG11;Híbrido;R$ 74,00;947.0;R$ 0,29;0,38%;2,23%;5,95%;12,00%;0,74%;0,99%;1,00%;9,86%;-7,03%;-6,68%;4,73%;R$ 158.725.074,41;R$ 118,93;62.0;0,24%;0,07%;0,31%;4,26%;10,40%;10,40%;3
340;MAXR11;Outros;R$ 77,20;863.0;R$ 0,65;0,81%;2,47%;5,07%;9,37%;0,82%;0,85%;0,78%;6,18%;0,00%;0,81%;13,22%;R$ 135.256.102,97;R$ 120,16;64.0;0,54%;-0,04%;0,50%;3,71%;2,80%;;8
341;DEVA11;Títulos e Val. Mob.;R$ 84,45;36620.0;R$ 0,56;0,63%;2,26%;6,53%;14,36%;0,75%;1,09%;1,20%;11,64%;-2,12%;-1,50%;-3,84%;R$ 1.407.302.585,03;R$ 101,20;83.0;0,55%;0,99%;1,55%;17,52%;;;0
342;RBRP11;Outros;R$ 53,00;22122.0;R$ 0,28;0,51%;2,05%;4,37%;8,41%;0,68%;0,73%;0,70%;7,15%;-1,84%;-1,34%;-15,89%;R$ 1.012.880.854,80;R$ 83,16;64.0;0,34%;-0,37%;-0,03%;5,06%;13,00%;6,00%;17
343;RVBI11;Títulos e Val. Mob.;R$ 73,60;2440.0;R$ 0,75;0,97%;2,86%;5,82%;11,41%;0,95%;0,97%;0,95%;9,60%;-0,69%;0,27%;5,06%;R$ 124.351.592,68;R$ 86,36;85.0;0,87%;-0,59%;0,28%;7,26%;;;0
344;MGLG11;Logística;R$ 39,70;1096.0;R$ 0,32;0,78%;1,95%;5,59%;11,78%;0,65%;0,93%;0,98%;10,24%;-2,37%;-1,61%;-15,88%;R$ 73.776.321,74;R$ 39,07;102.0;0,82%;-0,05%;0,77%;-48,64%;0,00%;;3
345;FEXC11;Títulos e Val. Mob.;R$ 87,23;5796.0;R$ 0,90;1,02%;3,06%;6,90%;13,62%;1,02%;1,15%;1,13%;11,47%;1,73%;2,76%;11,50%;R$ 560.710.751,65;R$ 91,87;95.0;0,98%;0,69%;1,68%;6,33%;;;0
346;IRDM11;Títulos e Val. Mob.;R$ 95,79;87407.0;R$ 0,79;0,80%;2,85%;6,66%;13,43%;0,95%;1,11%;1,12%;11,03%;-4,30%;-3,54%;0,15%;R$ 3.445.056.065,04;R$ 94,56;101.0;0,90%;-0,47%;0,43%;3,32%;;;0
347;RBRR11;Títulos e Val. Mob.;R$ 87,15;62493.0;R$ 0,70;0,78%;2,56%;6,14%;12,61%;0,85%;1,02%;1,05%;10,61%;-3,33%;-2,58%;-2,45%;R$ 1.303.094.693,01;R$ 96,96;90.0;0,72%;1,31%;2,04%;4,32%;;;0
348;CPTR11;;R$ 97,52;17277.0;R$ 1,40;0,00%;0,00%;0,00%;0,00%;0,00%;0,00%;0,00%;;0,00%;0,00%;0,00%;R$ 408.344.526,08;R$ 98,68;99.0;1,42%;0,00%;1,42%;1,42%;;;0
349;CPTS11;Títulos e Val. Mob.;R$ 85,99;65096.0;R$ 0,85;0,95%;3,29%;6,91%;13,63%;1,10%;1,15%;1,14%;11,49%;-4,38%;-3,47%;2,60%;R$ 2.911.469.296,79;R$ 91,61;94.0;0,93%;-0,24%;0,68%;3,13%;;;0
350;RBRF11;Títulos e Val. Mob.;R$ 70,02;32076.0;R$ 0,63;0,88%;2,46%;5,16%;10,12%;0,82%;0,86%;0,84%;8,47%;-10,12%;-9,33%;7,46%;R$ 1.179.664.989,90;R$ 86,23;81.0;0,73%;-0,62%;0,10%;4,39%;;;0
351;RBRY11;Títulos e Val. Mob.;R$ 95,60;14376.0;R$ 1,00;1,04%;3,18%;7,12%;14,08%;1,06%;1,19%;1,17%;11,72%;-4,86%;-3,87%;0,99%;R$ 553.997.377,46;R$ 99,88;96.0;1,00%;0,37%;1,37%;2,97%;;;0
352;VGIR11;Títulos e Val. Mob.;R$ 9,90;278194.0;R$ 0,13;1,30%;3,92%;7,71%;14,10%;1,31%;1,28%;1,17%;12,36%;1,32%;2,64%;-88,93%;R$ 729.737.220,52;R$ 9,64;103.0;1,35%;-0,06%;1,29%;-89,26%;;;0
353;TRNT11;Lajes Corporativas;R$ 125,00;1.0;R$ 0,32;0,26%;0,75%;1,82%;4,18%;0,25%;0,30%;0,35%;3,28%;8,70%;8,97%;19,79%;R$ 797.165.641,11;R$ 202,55;62.0;0,16%;0,00%;0,16%;1,13%;49,90%;;1
354;GAME11;Híbrido;R$ 9,25;22868.0;R$ 0,10;1,08%;3,18%;7,49%;13,33%;1,06%;1,25%;1,11%;12,29%;-1,91%;-0,85%;-4,52%;R$ 202.298.429,93;R$ 9,82;94.0;1,02%;0,44%;1,47%;-98,86%;;;0
355;MCCI11;Títulos e Val. Mob.;R$ 96,00;28521.0;R$ 1,10;1,14%;3,40%;6,77%;12,70%;1,13%;1,13%;1,06%;10,75%;0,20%;1,34%;5,81%;R$ 1.376.228.495,40;R$ 94,30;102.0;1,17%;1,51%;2,69%;4,13%;;;0
356;VGIA11;Títulos e Val. Mob.;R$ 10,00;485115.0;R$ 0,14;1,34%;4,55%;9,13%;0,00%;1,52%;1,52%;0,00%;14,48%;-0,19%;1,15%;13,50%;R$ 695.468.145,75;R$ 9,52;105.0;1,47%;-0,49%;0,97%;6,44%;;;0
357;IBCR11;Títulos e Val. Mob.;R$ 85,30;1749.0;R$ 0,90;1,05%;3,65%;7,77%;16,73%;1,22%;1,29%;1,39%;13,61%;-3,19%;-2,17%;1,55%;R$ 92.382.161,72;R$ 96,39;88.0;0,93%;0,63%;1,57%;9,58%;;;0
358;HCRI11;Hospital;R$ 217,52;305.0;R$ 2,49;1,09%;2,71%;5,06%;9,62%;0,90%;0,84%;0,80%;2,71%;0,00%;1,09%;-15,83%;R$ 59.990.809,18;R$ 299,95;73.0;0,83%;-0,01%;0,82%;2,24%;0,00%;;1
359;BRLA11;Híbrido;R$ 144,00;2.0;R$ 1,09;11,91%;12,63%;14,13%;18,29%;4,21%;2,36%;1,52%;16,91%;0,00%;11,91%;27,86%;R$ 417.009.171,07;R$ 157,70;91.0;0,69%;-0,09%;0,61%;-9,29%;;;0
360;IRIM11;Híbrido;R$ 96,50;1542.0;R$ 0,70;0,70%;2,89%;7,44%;15,31%;0,96%;1,24%;1,28%;12,75%;-2,49%;-1,80%;2,21%;R$ 188.078.142,11;R$ 97,96;99.0;1,17%;-0,51%;0,66%;2,01%;;;0
361;SNCI11;Títulos e Val. Mob.;R$ 97,65;7438.0;R$ 1,00;0,99%;3,13%;6,95%;14,60%;1,04%;1,16%;1,22%;12,25%;-0,40%;0,59%;8,89%;R$ 412.571.771,37;R$ 98,23;99.0;1,02%;0,67%;1,69%;8,59%;;;0
362;MCHF11;Títulos e Val. Mob.;R$ 8,94;79970.0;R$ 0,11;1,22%;3,55%;7,23%;13,97%;1,18%;1,21%;1,16%;11,59%;-1,10%;0,11%;-0,07%;R$ 307.296.102,43;R$ 9,51;94.0;1,16%;0,97%;2,14%;0,54%;;;0
363;GCFF11;Títulos e Val. Mob.;R$ 71,23;355.0;R$ 0,74;1,02%;3,10%;6,33%;12,31%;1,03%;1,05%;1,03%;10,32%;-0,11%;0,90%;0,35%;R$ 29.349.861,75;R$ 86,68;82.0;0,85%;-0,51%;0,34%;-0,43%;;;0
364;MORE11;Títulos e Val. Mob.;R$ 67,39;7117.0;R$ 0,60;0,85%;2,52%;5,82%;11,51%;0,84%;0,97%;0,96%;9,69%;-5,40%;-4,60%;2,40%;R$ 203.436.998,05;R$ 87,72;77.0;0,68%;-0,42%;0,27%;1,69%;;;0
365;MGHT11;Hotel;R$ 54,00;2247.0;R$ 0,65;1,09%;3,22%;6,91%;12,57%;1,07%;1,15%;1,05%;10,73%;-11,06%;-10,09%;-24,72%;R$ 112.827.000,75;R$ 85,88;63.0;0,76%;-0,05%;0,71%;-7,20%;;;0
366;SNFF11;Títulos e Val. Mob.;R$ 84,97;4597.0;R$ 0,65;0,73%;2,20%;5,15%;9,68%;0,73%;0,86%;0,81%;8,19%;-0,45%;0,28%;9,35%;R$ 264.131.204,45;R$ 93,33;91.0;0,70%;-0,95%;-0,26%;4,72%;;;0
367;VGIP11;Outros;R$ 86,79;24597.0;R$ 0,45;0,51%;2,11%;6,37%;14,91%;0,70%;1,06%;1,24%;11,73%;-0,55%;-0,05%;-1,69%;R$ 1.081.607.078,78;R$ 91,76;95.0;0,49%;0,25%;0,74%;8,23%;;;0
368;GCRI11;Títulos e Val. Mob.;R$ 92,75;1091.0;R$ 1,10;1,16%;3,58%;7,83%;15,99%;1,19%;1,30%;1,33%;13,46%;0,14%;1,30%;9,58%;R$ 114.819.058,74;R$ 96,42;96.0;1,14%;-1,96%;-0,84%;0,82%;;;0
369;NAVT11;Títulos e Val. Mob.;R$ 76,30;4544.0;R$ 0,85;1,07%;3,20%;6,71%;12,71%;1,07%;1,12%;1,06%;11,08%;-0,06%;1,00%;22,10%;R$ 97.722.397,41;R$ 92,67;82.0;0,92%;0,00%;0,92%;1,75%;;;0
370;MGCR11;Títulos e Val. Mob.;R$ 82,68;4778.0;R$ 1,00;1,14%;3,99%;8,34%;15,36%;1,33%;1,39%;1,28%;13,11%;-0,55%;0,59%;12,97%;R$ 130.596.784,55;R$ 91,82;90.0;1,25%;0,75%;2,01%;4,16%;;;0
371;BTLG11;Logística;R$ 99,56;33950.0;R$ 0,74;0,73%;2,19%;4,46%;8,64%;0,73%;0,74%;0,72%;7,26%;-0,72%;0,01%;6,04%;R$ 1.860.854.582,40;R$ 97,82;102.0;0,76%;-0,15%;0,60%;1,85%;;2,00%;16
372;OURE11;Títulos e Val. Mob.;R$ 80,79;1002.0;R$ 1,05;1,29%;3,86%;8,08%;14,81%;1,29%;1,35%;1,23%;12,21%;-4,49%;-3,26%;6,90%;R$ 101.291.747,02;R$ 94,04;86.0;1,12%;-0,29%;0,82%;12,28%;;;0
373;RECX11;Outros;R$ 70,00;261.0;R$ 0,80;1,10%;3,22%;6,14%;12,34%;1,07%;1,02%;1,03%;10,08%;-2,34%;-1,27%;-15,51%;R$ 17.782.714,28;R$ 81,46;86.0;0,98%;-0,03%;0,96%;-2,70%;;;0
374;OUFF11;Títulos e Val. Mob.;R$ 65,30;3741.0;R$ 0,70;1,04%;3,21%;6,68%;12,73%;1,07%;1,11%;1,06%;10,90%;-5,58%;-4,60%;14,65%;R$ 145.731.104,29;R$ 80,32;81.0;0,87%;-0,99%;-0,13%;10,38%;;;0
375;AFHI11;Títulos e Val. Mob.;R$ 93,10;15262.0;R$ 0,95;0,99%;3,21%;7,29%;15,06%;1,07%;1,21%;1,25%;12,50%;-1,66%;-0,69%;6,06%;R$ 289.029.478,44;R$ 95,72;97.0;0,99%;0,46%;1,46%;4,93%;;;0
376;ARCT11;Híbrido;R$ 91,07;16361.0;R$ 0,77;0,83%;2,52%;6,31%;15,90%;0,84%;1,05%;1,33%;12,63%;-6,90%;-6,13%;-4,64%;R$ 370.290.091,16;R$ 99,86;91.0;0,78%;-0,16%;0,62%;4,79%;;;4
377;BLMC11;Outros;R$ 82,10;6.0;R$ 0,70;0,85%;3,05%;7,03%;14,03%;1,02%;1,17%;1,17%;11,69%;-4,40%;-3,59%;-6,11%;R$ 39.222.335,81;R$ 98,18;84.0;0,71%;-0,03%;0,68%;3,86%;;;0
378;RZAK11;Títulos e Val. Mob.;R$ 96,40;26170.0;R$ 1,40;1,46%;4,57%;9,60%;18,11%;1,52%;1,60%;1,51%;15,40%;-4,39%;-2,99%;17,07%;R$ 318.162.461,02;R$ 93,49;103.0;1,55%;0,89%;2,45%;5,56%;;;0
379;MCHY11;Títulos e Val. Mob.;R$ 104,50;142.0;R$ 1,40;1,34%;3,95%;7,77%;14,80%;1,32%;1,29%;1,23%;12,62%;-3,93%;-2,64%;6,73%;R$ 371.685.434,52;R$ 103,54;101.0;1,35%;0,36%;1,72%;9,51%;;;0
380;NCRA11;;R$ 89,98;4864.0;R$ 1,00;0,00%;0,00%;0,00%;0,00%;0,00%;0,00%;0,00%;;0,00%;0,00%;0,00%;;;;;;;;;;0
381;XPIN11;Outros;R$ 76,75;5245.0;R$ 0,64;0,83%;2,35%;4,85%;9,19%;0,78%;0,81%;0,77%;7,82%;-9,16%;-8,40%;-3,19%;R$ 752.613.733,16;R$ 105,25;73.0;0,61%;0,52%;1,13%;1,52%;17,30%;12,00%;5
382;MATV11;Títulos e Val. Mob.;R$ 86,50;15.0;R$ 0,60;0,69%;2,94%;6,74%;12,86%;0,98%;1,12%;1,07%;11,65%;-7,48%;-6,83%;-0,89%;R$ 39.761.417,10;R$ 93,34;93.0;0,64%;-0,09%;0,55%;-0,33%;;;0
