;data_extracao;codigo_fundo;preco_atual;liquidez_diaria;dividendo;dy;dy_3_acumulado;dy_6_acumulado;dy_12_acumulado;dy_3_media;dy_6_media;dy_12_media;dy_ano;variacao_preco;rentabilidade_periodo;rentabilidade_acumulada;vpa;p_vpa;dy_patrimonial;variacao_patrimonial;rentabilidade_patrimonial_periodo;rentabilidade_patrimonial_acumulada;vacancia_fisica;vacancia_financeira;quantidade_ativos
0;2022-11-20 23:33:12.575121;FIVN11;3.49;6466;0.0;0.0;0.0;0.0;0.0;0.0;0.0;0.0;;0.0;0.0;0.0;6.96;50;;;;;56.0;;1
1;2022-11-20 23:33:12.575121;BZLI11;16.01;1;0.0;0.0;0.0;0.0;0.0;0.0;0.0;0.0;0.0;0.68;0.68;1.14;10.54;152;;;;;;;0
2;2022-11-20 23:33:12.575121;XTED11;8.8;3271;0.0;0.0;0.0;0.0;0.0;0.0;0.0;0.0;0.0;1.1;1.1;-37.83;13.29;66;;;;;0.0;100.0;1
3;2022-11-20 23:33:12.575121;ALMI11;916.02;121;0.0;0.0;0.0;0.0;0.0;0.0;0.0;0.0;0.0;2.27;2.27;-28.29;2251.56;41;;;;;64.05;;1
4;2022-11-20 23:33:12.575121;PABY11;23.37;3237;0.0;0.0;0.0;0.0;0.0;0.0;0.0;0.0;0.0;-19.84;-19.84;-31.62;-15.38;-152;;;;;;;1
5;2022-11-20 23:33:12.575121;ORPD11;93.0;3;1.38;0.0;;;;;;;;;;;148.64;63;;;;;;;0
6;2022-11-20 23:33:12.575121;GSFI11;5.0;334;0.0;0.03;0.03;0.03;0.03;0.01;0.0;0.0;0.03;0.0;0.03;0.03;13.56;37;;;;;10.3;;10
7;2022-11-20 23:33:12.575121;NEWU11;40.63;100;0.0;0.0;0.0;0.56;16.63;0.0;0.09;1.39;0.61;-4.04;-4.04;-31.62;65.12;62;;;;;63.2;;3
8;2022-11-20 23:33:12.575121;PRSV11;142.0;14;1.62;0.42;1.53;2.91;5.95;0.51;0.48;0.5;4.46;5.3;5.74;-11.25;243.64;58;;;;;40.9;;2
9;2022-11-20 23:33:12.575121;FAMB11B;773.0;2817;9.16;0.56;2.17;4.78;10.43;0.72;0.8;0.87;8.82;-47.8;-47.51;-47.8;3033.35;25;;;;;100.0;;1
10;2022-11-20 23:33:12.575121;FMOF11;56.45;57;0.64;0.0;;;;;;;;;;;122.77;46;;;;;52.08;;1
11;2022-11-20 23:33:12.575121;HGRS11;10.03;9639;0.0;0.0;0.0;0.0;0.0;0.0;0.0;0.0;;0.0;0.0;0.0;101.81;10;;;;;;;0
12;2022-11-20 23:33:12.575121;HGRS11;10.05;50319;0.0;0.0;0.0;0.0;0.0;0.0;0.0;0.0;;0.0;0.0;0.0;101.81;10;;;;;;;0
13;2022-11-20 23:33:12.575121;HGRS11;10.03;78020;0.0;0.0;0.0;0.0;0.0;0.0;0.0;0.0;;0.0;0.0;0.0;101.81;10;;;;;;;0
14;2022-11-20 23:33:12.575121;HGRS11;10.04;89910;0.0;0.0;0.0;0.0;0.0;0.0;0.0;0.0;;0.0;0.0;0.0;101.81;10;;;;;;;0
15;2022-11-20 23:33:12.575121;HGRS11;10.04;109262;0.0;0.0;0.0;0.0;0.0;0.0;0.0;0.0;;0.0;0.0;0.0;101.81;10;;;;;;;0
16;2022-11-20 23:33:12.575121;HGRS11;10.03;85924;0.0;0.0;0.0;0.0;0.0;0.0;0.0;0.0;;0.0;0.0;0.0;101.81;10;;;;;;;0
17;2022-11-20 23:33:12.575121;HGRS11;10.08;121381;0.0;0.0;0.0;0.0;0.0;0.0;0.0;0.0;;0.0;0.0;0.0;101.81;10;;;;;;;0
18;2022-11-20 23:33:12.575121;HGRS11;10.0;175712;0.0;0.0;0.0;0.0;0.0;0.0;0.0;0.0;;0.0;0.0;0.0;101.81;10;;;;;;;0
19;2022-11-20 23:33:12.575121;HGRS11;10.14;160602;0.0;0.0;0.0;0.0;0.0;0.0;0.0;0.0;;0.0;0.0;0.0;101.81;10;;;;;;;0
20;2022-11-20 23:33:12.575121;KNRE11;0.95;439;0.0;0.0;0.0;0.0;0.0;0.0;0.0;0.0;0.0;0.0;0.0;0.0;1.16;82;;;;;;;0
21;2022-11-20 23:33:12.575121;RBDS11;2.77;15;0.0;0.0;0.0;0.0;0.0;0.0;0.0;0.0;0.0;0.0;0.0;0.0;20.51;14;;;;;;;0
22;2022-11-20 23:33:12.575121;WTSP11B;43.49;1;0.32;0.76;2.57;4.67;6.85;0.86;0.78;0.57;0.76;0.0;0.76;0.76;82.98;52;;;;;;;0
23;2022-11-20 23:33:12.575121;OULG11;44.41;1362;0.17;0.38;1.14;3.4;8.03;0.38;0.57;0.67;1.5;3.09;3.48;-3.91;73.24;61;;;;;0.0;;2
24;2022-11-20 23:33:12.575121;VXXV11;938.0;906;10.76;0.0;;;;;;;;;;;896.76;105;;;;;;;0
25;2022-11-20 23:33:12.575121;BICE11;950.0;26;5.4;0.0;0.0;0.0;0.0;0.0;0.0;0.0;;0.0;0.0;0.0;987.2;96;;;;;;;0
26;2022-11-20 23:33:12.575121;HRDF11;1.0;37;6.8;0.0;;;;;;;;;;;1.13;89;;;;;;;0
27;2022-11-20 23:33:12.575121;CJCT11;70.0;4;0.0;0.0;;;;;;;;;;;85.58;82;;;;;59.0;;1
28;2022-11-20 23:33:12.575121;LFTT11;82.5;1099;0.75;0.0;;;;;;;;;;;47.37;174;;;;;;;0
29;2022-11-20 23:33:12.575121;CTXT11;12.52;98;0.09;0.39;0.78;1.36;5.53;0.26;0.23;0.46;1.36;-2.58;-2.2;-39.31;39.51;32;;;;;97.0;;1
30;2022-11-20 23:33:12.575121;SRVD11;8.77;1;0.1;1.01;0.0;0.0;0.0;0.0;0.0;0.0;1.01;0.0;1.01;1.01;0.74;1181;;;;;;;0
31;2022-11-20 23:33:12.575121;RBIR11;65.11;477;0.0;0.0;0.0;0.0;0.0;0.0;0.0;0.0;0.0;0.0;0.0;0.0;95.89;68;;;;;;;0
32;2022-11-20 23:33:12.575121;CARE11;3.55;1480;0.0;0.23;0.66;1.36;1.6;0.22;0.23;0.13;1.36;-2.63;-2.41;5.65;8.16;43;;;;;;;0
33;2022-11-20 23:33:12.575121;RBGS11;28.45;5157;0.18;0.62;1.59;2.73;5.12;0.53;0.46;0.43;5.12;-1.9;-1.29;-28.71;90.78;31;0.18;0.0;0.18;1.17;13.0;;1
34;2022-11-20 23:33:12.575121;IBFF11;3.08;2400;0.3;0.44;2.01;4.58;9.52;0.67;0.76;0.79;5.42;7.5;7.98;19.59;14.78;21;;;;;;;0
35;2022-11-20 23:33:12.575121;IBFF11;3.08;1300;0.3;0.44;2.01;4.58;9.52;0.67;0.76;0.79;5.42;7.5;7.98;19.59;14.78;21;;;;;;;0
36;2022-11-20 23:33:12.575121;YUFI11B;96.0;11;0.63;0.0;0.0;0.0;0.0;0.0;0.0;0.0;;0.0;0.0;0.0;105.47;91;;;;;;;0
37;2022-11-20 23:33:12.575121;YUFI11B;95.99;2645;0.63;0.0;0.0;0.0;0.0;0.0;0.0;0.0;;0.0;0.0;0.0;105.47;91;;;;;;;0
38;2022-11-20 23:33:12.575121;YUFI11B;95.48;6092;0.63;0.0;0.0;0.0;0.0;0.0;0.0;0.0;;0.0;0.0;0.0;105.47;91;;;;;;;0
39;2022-11-20 23:33:12.575121;YUFI11B;95.1;5394;0.63;0.0;0.0;0.0;0.0;0.0;0.0;0.0;;0.0;0.0;0.0;105.47;90;;;;;;;0
40;2022-11-20 23:33:12.575121;YUFI11B;95.42;2129;0.63;0.0;0.0;0.0;0.0;0.0;0.0;0.0;;0.0;0.0;0.0;105.47;90;;;;;;;0
41;2022-11-20 23:33:12.575121;YUFI11B;95.44;2060;0.63;0.0;0.0;0.0;0.0;0.0;0.0;0.0;;0.0;0.0;0.0;105.47;90;;;;;;;0
42;2022-11-20 23:33:12.575121;YUFI11B;95.38;2455;0.63;0.0;0.0;0.0;0.0;0.0;0.0;0.0;;0.0;0.0;0.0;105.47;90;;;;;;;0
43;2022-11-20 23:33:12.575121;YUFI11B;95.41;3382;0.63;0.0;0.0;0.0;0.0;0.0;0.0;0.0;;0.0;0.0;0.0;105.47;90;;;;;;;0
44;2022-11-20 23:33:12.575121;YUFI11B;95.6;4351;0.63;0.0;0.0;0.0;0.0;0.0;0.0;0.0;;0.0;0.0;0.0;105.47;91;;;;;;;0
45;2022-11-20 23:33:12.575121;CORM11;99.21;312;0.77;0.9;2.76;5.35;11.38;0.92;0.89;0.95;6.2;-2.97;-2.1;-4.27;90.56;110;0.89;-2.33;-1.45;0.21;;;0
46;2022-11-20 23:33:12.575121;CORM11;99.38;27987;0.77;0.9;2.76;5.35;11.38;0.92;0.89;0.95;6.2;-2.97;-2.1;-4.27;90.56;110;0.89;-2.33;-1.45;0.21;;;0
47;2022-11-20 23:33:12.575121;CORM11;99.51;14665;0.77;0.9;2.76;5.35;11.38;0.92;0.89;0.95;6.2;-2.97;-2.1;-4.27;90.56;110;0.89;-2.33;-1.45;0.21;;;0
48;2022-11-20 23:33:12.575121;CORM11;99.53;17830;0.77;0.9;2.76;5.35;11.38;0.92;0.89;0.95;6.2;-2.97;-2.1;-4.27;90.56;110;0.89;-2.33;-1.45;0.21;;;0
49;2022-11-20 23:33:12.575121;CORM11;99.51;13839;0.77;0.9;2.76;5.35;11.38;0.92;0.89;0.95;6.2;-2.97;-2.1;-4.27;90.56;110;0.89;-2.33;-1.45;0.21;;;0
50;2022-11-20 23:33:12.575121;CORM11;99.54;16131;0.77;0.9;2.76;5.35;11.38;0.92;0.89;0.95;6.2;-2.97;-2.1;-4.27;90.56;110;0.89;-2.33;-1.45;0.21;;;0
51;2022-11-20 23:33:12.575121;CORM11;99.5;13368;0.77;0.9;2.76;5.35;11.38;0.92;0.89;0.95;6.2;-2.97;-2.1;-4.27;90.56;110;0.89;-2.33;-1.45;0.21;;;0
52;2022-11-20 23:33:12.575121;CORM11;99.31;21429;0.77;0.9;2.76;5.35;11.38;0.92;0.89;0.95;6.2;-2.97;-2.1;-4.27;90.56;110;0.89;-2.33;-1.45;0.21;;;0
53;2022-11-20 23:33:12.575121;CORM11;99.42;20270;0.77;0.9;2.76;5.35;11.38;0.92;0.89;0.95;6.2;-2.97;-2.1;-4.27;90.56;110;0.89;-2.33;-1.45;0.21;;;0
54;2022-11-20 23:33:12.575121;ERCR11;89.1;177;783.96;0.0;0.0;0.0;0.0;0.0;0.0;0.0;;0.0;0.0;0.0;69310.6;0;;;;;;;0
55;2022-11-20 23:33:12.575121;ERCR11;89.2;4779;783.96;0.0;0.0;0.0;0.0;0.0;0.0;0.0;;0.0;0.0;0.0;69310.6;0;;;;;;;0
56;2022-11-20 23:33:12.575121;ERCR11;88.55;2738;783.96;0.0;0.0;0.0;0.0;0.0;0.0;0.0;;0.0;0.0;0.0;69310.6;0;;;;;;;0
57;2022-11-20 23:33:12.575121;ERCR11;89.31;2315;783.96;0.0;0.0;0.0;0.0;0.0;0.0;0.0;;0.0;0.0;0.0;69310.6;0;;;;;;;0
58;2022-11-20 23:33:12.575121;ERCR11;88.83;6123;783.96;0.0;0.0;0.0;0.0;0.0;0.0;0.0;;0.0;0.0;0.0;69310.6;0;;;;;;;0
59;2022-11-20 23:33:12.575121;ERCR11;88.66;2350;783.96;0.0;0.0;0.0;0.0;0.0;0.0;0.0;;0.0;0.0;0.0;69310.6;0;;;;;;;0
60;2022-11-20 23:33:12.575121;ERCR11;88.3;9724;783.96;0.0;0.0;0.0;0.0;0.0;0.0;0.0;;0.0;0.0;0.0;69310.6;0;;;;;;;0
61;2022-11-20 23:33:12.575121;ERCR11;88.24;3488;783.96;0.0;0.0;0.0;0.0;0.0;0.0;0.0;;0.0;0.0;0.0;69310.6;0;;;;;;;0
62;2022-11-20 23:33:12.575121;QIRI11;3.9;1100;0.66;0.86;2.85;5.44;9.6;0.95;0.91;0.8;7.0;6.81;7.72;-8.39;89.61;4;;;;;;;0
63;2022-11-20 23:33:12.575121;QIRI11;3.99;5400;0.66;0.86;2.85;5.44;9.6;0.95;0.91;0.8;7.0;6.81;7.72;-8.39;89.61;4;;;;;;;0
64;2022-11-20 23:33:12.575121;QIRI11;4.13;900;0.66;0.86;2.85;5.44;9.6;0.95;0.91;0.8;7.0;6.81;7.72;-8.39;89.61;5;;;;;;;0
65;2022-11-20 23:33:12.575121;QIRI11;4.11;2600;0.66;0.86;2.85;5.44;9.6;0.95;0.91;0.8;7.0;6.81;7.72;-8.39;89.61;5;;;;;;;0
66;2022-11-20 23:33:12.575121;QIRI11;4.23;10700;0.66;0.86;2.85;5.44;9.6;0.95;0.91;0.8;7.0;6.81;7.72;-8.39;89.61;5;;;;;;;0
67;2022-11-20 23:33:12.575121;QIRI11;3.85;13300;0.66;0.86;2.85;5.44;9.6;0.95;0.91;0.8;7.0;6.81;7.72;-8.39;89.61;4;;;;;;;0
68;2022-11-20 23:33:12.575121;QIRI11;4.1;9700;0.66;0.86;2.85;5.44;9.6;0.95;0.91;0.8;7.0;6.81;7.72;-8.39;89.61;5;;;;;;;0
69;2022-11-20 23:33:12.575121;ALZR11;115.27;7793;0.8;0.67;6.16;8.19;12.05;2.05;1.37;1.0;10.18;1.32;2.0;13.09;106.97;108;;;;;0.0;;15
70;2022-11-20 23:33:12.575121;BPML11;66.78;9;0.3;0.44;0.96;2.54;0.0;0.32;0.42;0.0;1.93;0.0;0.44;2.27;123.76;54;0.24;-0.77;-0.53;-0.56;5.8;;7
71;2022-11-20 23:33:12.575121;XPML11;101.2;27131;0.75;0.72;2.1;4.25;8.26;0.7;0.71;0.69;6.25;0.28;1.0;18.18;101.94;99;;;;;3.9;;16
72;2022-11-20 23:33:12.575121;FCFL11;114.7;1776;0.76;0.62;2.07;4.23;8.65;0.69;0.71;0.72;6.42;2.4;3.03;14.92;104.8;109;;;;;0.0;;1
73;2022-11-20 23:33:12.575121;AFOF11;91.6;768;1.08;1.18;3.57;7.22;13.48;1.19;1.2;1.12;10.43;0.0;1.18;12.9;98.55;93;;;;;;;0
74;2022-11-20 23:33:12.575121;BTAL11;95.9;11803;0.83;0.83;2.52;5.1;10.21;0.84;0.85;0.85;7.61;0.15;0.98;14.64;106.35;90;;;;;;;7
75;2022-11-20 23:33:12.575121;MORC11;93.41;4223;1.1;1.17;3.8;8.2;14.76;1.27;1.37;1.23;12.26;-0.15;1.02;6.2;97.78;96;1.12;-0.9;0.22;1.84;;;0
76;2022-11-20 23:33:12.575121;CNES11;30.55;1046;0.11;0.35;0.96;1.8;3.65;0.32;0.3;0.3;2.58;-1.82;-1.47;-1.7;87.25;35;;;;;56.7;;1
77;2022-11-20 23:33:12.575121;EDGA11;17.85;983;0.1;0.58;1.44;3.8;7.27;0.48;0.63;0.61;5.97;-7.65;-7.11;-12.55;66.15;27;0.16;-0.02;0.14;0.51;48.81;;1
78;2022-11-20 23:33:12.575121;RBHG11;87.14;3096;1.15;1.31;4.05;8.65;16.48;1.35;1.44;1.37;13.49;-0.98;0.31;13.21;93.23;93;1.23;-1.91;-0.7;9.48;;;0
79;2022-11-20 23:33:12.575121;CXTL11;370.0;51;1.39;0.35;0.76;1.47;3.78;0.25;0.25;0.32;1.02;3.1;3.46;-2.22;699.9;53;0.2;4.22;4.43;0.17;61.0;;3
80;2022-11-20 23:33:12.575121;MFAI11;63.25;272;0.71;1.04;3.12;5.37;12.46;1.04;0.9;1.04;10.23;2.72;3.79;0.83;77.34;82;0.92;-2.51;-1.62;2.2;;;0
81;2022-11-20 23:33:12.575121;MALL11;103.32;28320;0.78;0.71;2.15;4.32;8.64;0.72;0.72;0.72;7.22;2.18;2.9;22.65;106.17;97;0.73;-1.69;-0.97;1.61;4.0;;8
82;2022-11-20 23:33:12.575121;PVBI11;91.96;23330;0.57;0.59;1.77;3.56;7.32;0.59;0.59;0.61;4.81;0.0;0.59;17.07;99.07;93;0.58;0.01;0.58;2.85;0.1;;4
83;2022-11-20 23:33:12.575121;VILG11;99.81;21339;0.72;0.66;1.99;4.21;8.37;0.66;0.7;0.7;6.98;1.24;1.91;14.42;114.0;88;0.63;0.03;0.66;6.47;0.0;;16
84;2022-11-20 23:33:12.575121;FPAB11;184.0;32;1.65;0.82;2.34;4.71;8.8;0.78;0.78;0.73;7.47;-3.39;-2.6;-1.61;410.43;45;0.4;0.0;0.4;4.11;33.79;;1
85;2022-11-20 23:33:12.575121;MFII11;95.14;2856;1.11;1.12;3.38;6.83;13.49;1.13;1.14;1.12;11.19;2.31;3.46;0.09;100.94;94;1.1;-0.63;0.47;3.28;;;9
86;2022-11-20 23:33:12.575121;RZAG11;9.97;408370;0.13;1.25;4.0;7.88;0.0;1.33;1.31;0.0;12.37;3.28;4.57;19.63;9.56;104;1.36;0.26;1.63;12.47;;;0
87;2022-11-20 23:33:12.575121;VRTA11;92.77;21955;1.0;1.04;3.28;6.91;13.92;1.09;1.15;1.16;11.56;2.33;3.4;2.62;94.13;99;1.06;0.43;1.5;10.41;;;0
88;2022-11-20 23:33:12.575121;XPCA11;9.98;128890;0.14;1.37;4.0;8.13;0.0;1.33;1.36;0.0;13.07;0.0;1.37;20.82;9.49;105;1.48;-0.14;1.34;12.47;;;0
89;2022-11-20 23:33:12.575121;EVBI11;97.75;580;0.75;0.76;2.28;4.58;9.3;0.76;0.76;0.77;6.2;0.0;0.76;13.21;100.93;97;0.74;0.45;1.2;7.66;0.0;;4
90;2022-11-20 23:33:12.575121;VGHF11;9.04;324113;0.09;0.95;3.08;7.01;16.07;1.03;1.17;1.34;12.76;-2.16;-1.23;5.03;9.38;96;0.96;0.44;1.4;13.19;;;0
91;2022-11-20 23:33:12.575121;BLCP11;91.0;123;0.56;0.62;1.72;3.46;6.64;0.57;0.58;0.55;5.31;-0.54;0.08;19.93;111.74;81;0.5;-0.02;0.49;15.81;6.2;;2
92;2022-11-20 23:33:12.575121;FLRP11;1575.0;13;9.83;0.64;1.93;4.36;8.42;0.64;0.73;0.7;6.67;0.0;0.64;35.98;1728.57;91;0.57;0.06;0.63;3.95;2.01;;1
93;2022-11-20 23:33:12.575121;XPPR11;38.47;11975;0.3;0.72;2.05;4.31;9.09;0.68;0.72;0.76;7.35;0.0;0.72;-30.47;74.73;51;0.4;-1.21;-0.82;-4.08;46.0;0.0;4
94;2022-11-20 23:33:12.575121;ABCP11;71.06;502;0.55;0.73;2.15;4.52;9.44;0.72;0.75;0.79;7.7;0.0;0.73;9.36;91.99;77;0.6;0.07;0.67;6.61;7.5;;1
95;2022-11-20 23:33:12.575121;BARI11;92.0;12217;1.0;1.05;3.17;7.49;14.42;1.06;1.25;1.2;11.94;0.0;1.05;1.97;100.33;92;1.0;-0.61;0.38;7.97;;;0
96;2022-11-20 23:33:12.575121;JGPX11;96.85;630;1.12;1.15;3.6;7.03;0.0;1.2;1.17;0.0;11.7;0.0;1.15;12.46;95.97;101;1.17;0.08;1.25;10.88;;;0
97;2022-11-20 23:33:12.575121;QAGR11;46.0;5920;0.41;0.86;2.6;5.11;9.74;0.87;0.85;0.81;6.67;0.0;0.86;1.28;55.9;82;0.73;0.1;0.84;-2.31;;;12
98;2022-11-20 23:33:12.575121;HAAA11;87.75;1;0.54;0.63;1.87;3.71;7.12;0.62;0.62;0.59;5.98;0.0;0.63;-4.71;90.33;97;0.6;0.13;0.73;1.12;17.0;;1
99;2022-11-20 23:33:12.575121;ITIP11;80.65;368;0.76;0.94;3.17;6.9;14.01;1.06;1.15;1.17;11.65;0.0;0.94;11.15;83.33;97;0.91;-0.16;0.75;4.68;;;0
100;2022-11-20 23:33:12.575121;RBHY11;94.4;1797;1.26;1.3;4.06;8.54;17.01;1.35;1.42;1.42;13.48;0.0;1.3;8.09;95.27;99;1.32;-1.08;0.23;12.06;;;0
101;2022-11-20 23:33:12.575121;PATL11;75.74;9037;0.58;0.73;2.19;4.49;9.18;0.73;0.75;0.77;7.52;0.0;0.73;13.73;98.1;77;0.59;0.01;0.6;6.22;0.0;0.0;4
102;2022-11-20 23:33:12.575121;CXCE11B;40.63;669;0.46;1.08;2.91;5.65;10.84;0.97;0.94;0.9;9.11;0.0;1.08;2.36;64.82;63;0.71;-0.59;0.11;-1.34;0.0;;1
103;2022-11-20 23:33:12.575121;HGBS11;189.92;8225;1.35;0.65;1.9;4.12;8.05;0.63;0.69;0.67;6.81;0.0;0.65;33.3;218.35;87;0.62;-0.01;0.61;7.55;6.5;;17
104;2022-11-20 23:33:12.575121;BBGO11;84.46;3609;1.0;1.18;2.98;5.57;0.0;0.99;0.93;0.0;7.22;0.0;1.18;4.16;97.94;86;1.02;-0.09;0.93;8.1;;;0
105;2022-11-20 23:33:12.575121;FIIB11;460.02;709;3.7;0.76;2.28;4.57;8.97;0.76;0.76;0.75;5.99;0.0;0.76;10.77;456.11;101;0.81;-0.06;0.75;6.83;6.28;;1
106;2022-11-20 23:33:12.575121;GALG11;9.31;522864;0.08;0.86;2.55;5.13;10.2;0.85;0.86;0.85;9.39;0.0;0.86;-98.91;10.16;92;0.81;0.19;1.0;-89.34;0.0;0.0;6
107;2022-11-20 23:33:12.575121;VJFD11;96.0;1745;1.01;0.0;0.0;0.0;0.0;0.0;0.0;0.0;;0.0;0.0;0.0;132.79;72;0.76;0.04;0.8;1.61;;;0
108;2022-11-20 23:33:12.575121;VJFD11;96.26;5104;1.01;0.0;0.0;0.0;0.0;0.0;0.0;0.0;;0.0;0.0;0.0;132.79;72;0.76;0.04;0.8;1.61;;;0
109;2022-11-20 23:33:12.575121;VJFD11;96.3;7905;1.01;0.0;0.0;0.0;0.0;0.0;0.0;0.0;;0.0;0.0;0.0;132.79;73;0.76;0.04;0.8;1.61;;;0
110;2022-11-20 23:33:12.575121;VJFD11;96.35;6155;1.01;0.0;0.0;0.0;0.0;0.0;0.0;0.0;;0.0;0.0;0.0;132.79;73;0.76;0.04;0.8;1.61;;;0
111;2022-11-20 23:33:12.575121;VJFD11;96.25;4742;1.01;0.0;0.0;0.0;0.0;0.0;0.0;0.0;;0.0;0.0;0.0;132.79;72;0.76;0.04;0.8;1.61;;;0
112;2022-11-20 23:33:12.575121;VJFD11;96.25;3924;1.01;0.0;0.0;0.0;0.0;0.0;0.0;0.0;;0.0;0.0;0.0;132.79;72;0.76;0.04;0.8;1.61;;;0
113;2022-11-20 23:33:12.575121;VJFD11;96.33;2746;1.01;0.0;0.0;0.0;0.0;0.0;0.0;0.0;;0.0;0.0;0.0;132.79;73;0.76;0.04;0.8;1.61;;;0
114;2022-11-20 23:33:12.575121;VJFD11;96.32;5410;1.01;0.0;0.0;0.0;0.0;0.0;0.0;0.0;;0.0;0.0;0.0;132.79;73;0.76;0.04;0.8;1.61;;;0
115;2022-11-20 23:33:12.575121;FVPQ11;108.51;292;0.57;0.49;1.75;3.67;7.82;0.58;0.61;0.65;6.57;0.0;0.49;21.97;198.65;55;0.29;0.18;0.47;4.12;5.5;;1
116;2022-11-20 23:33:12.575121;NVHO11;10.1;75;0.08;0.8;2.31;4.34;7.75;0.77;0.72;0.65;5.21;5.32;6.16;6.53;12.75;79;0.66;0.1;0.76;5.61;;;1
117;2022-11-20 23:33:12.575121;RNDP11;159.99;71;2.14;0.84;2.51;5.63;10.46;0.84;0.94;0.87;9.13;-2.21;-1.39;-53.22;321.17;50;0.67;-0.57;0.09;-48.64;;;0
118;2022-11-20 23:33:12.575121;HCHG11;86.0;9;1.0;1.13;3.48;6.68;12.25;1.16;1.11;1.02;10.51;3.47;4.63;11.52;100.45;86;1.0;-1.93;-0.96;12.47;;;0
119;2022-11-20 23:33:12.575121;KNRI11;140.34;21516;0.91;0.63;1.82;3.76;7.41;0.61;0.63;0.62;6.19;-3.74;-3.14;16.78;160.27;88;0.57;0.11;0.68;7.35;2.0;6.72;20
120;2022-11-20 23:33:12.575121;SPTW11;40.91;2173;0.4;0.92;2.77;5.58;10.88;0.92;0.93;0.91;9.17;1.07;2.0;5.09;53.13;77;0.75;0.13;0.89;7.78;0.0;;1
121;2022-11-20 23:33:12.575121;PLOG11;76.0;642;0.75;0.94;2.84;6.06;12.27;0.95;1.01;1.02;10.3;1.0;1.96;17.51;100.42;76;0.75;0.04;0.79;7.99;20.4;;1
122;2022-11-20 23:33:12.575121;VIUR11;7.84;48400;0.07;0.91;2.65;5.63;11.34;0.88;0.94;0.94;9.49;-2.34;-1.45;-88.52;9.52;82;0.76;0.27;1.03;-89.38;0.0;;6
123;2022-11-20 23:33:12.575121;RBRD11;36.98;803;0.3;0.76;2.22;4.85;10.05;0.74;0.81;0.84;9.22;-3.3;-2.56;0.06;68.39;54;0.44;-0.53;-0.1;0.34;15.52;;4
124;2022-11-20 23:33:12.575121;LUGG11;75.02;662;0.52;0.67;2.03;4.1;8.1;0.68;0.68;0.67;6.84;-1.89;-1.23;-4.74;127.78;59;0.41;-0.1;0.31;6.87;2.4;;4
125;2022-11-20 23:33:12.575121;SADI11;90.4;5332;1.05;1.16;3.51;6.97;12.37;1.17;1.16;1.03;10.83;-0.28;0.88;11.71;100.08;90;1.05;0.15;1.2;9.73;;;0
126;2022-11-20 23:33:12.575121;TGAR11;122.12;28456;1.55;1.25;3.78;7.74;14.16;1.26;1.29;1.18;12.09;-1.01;0.22;14.09;116.96;104;1.33;-1.87;-0.57;-0.27;;;0
127;2022-11-20 23:33:12.575121;HBRH11;94.08;173;0.61;0.64;2.04;4.39;10.5;0.68;0.73;0.87;7.89;0.81;1.45;14.72;113.18;83;0.54;0.01;0.55;6.8;;;3
128;2022-11-20 23:33:12.575121;HLOG11;87.15;1075;0.65;0.69;2.03;4.27;8.42;0.68;0.71;0.7;7.1;-3.5;-2.84;8.25;111.13;78;0.58;0.03;0.61;4.59;58.0;0.0;3
129;2022-11-20 23:33:12.575121;RBCO11;44.0;2717;0.2;0.45;1.5;4.23;8.64;0.5;0.7;0.72;7.12;5.64;6.12;-15.03;90.22;49;0.22;1.03;1.25;-7.08;46.0;50.0;4
130;2022-11-20 23:33:12.575121;VOTS11;83.47;116;0.77;0.92;2.94;7.15;14.02;0.98;1.19;1.17;12.25;-3.35;-2.47;12.65;94.91;88;0.81;0.55;1.37;8.57;;;0
131;2022-11-20 23:33:12.575121;JFLL11;66.25;2128;0.62;0.86;2.51;5.23;10.19;0.84;0.87;0.85;8.46;-0.7;0.15;-0.4;100.46;66;0.62;0.03;0.65;6.74;28.0;;2
132;2022-11-20 23:33:12.575121;HUSI11;91.23;32;7.87;0.69;0.0;0.0;0.0;0.0;0.0;0.0;2.24;1.24;1.94;8.84;999.93;9;0.79;0.84;1.63;4.28;;;0
133;2022-11-20 23:33:12.575121;HUSI11;91.22;1350;7.87;0.69;0.0;0.0;0.0;0.0;0.0;0.0;2.24;1.24;1.94;8.84;999.93;9;0.79;0.84;1.63;4.28;;;0
134;2022-11-20 23:33:12.575121;HUSI11;91.1;1476;7.87;0.69;0.0;0.0;0.0;0.0;0.0;0.0;2.24;1.24;1.94;8.84;999.93;9;0.79;0.84;1.63;4.28;;;0
135;2022-11-20 23:33:12.575121;HUSI11;91.13;1247;7.87;0.69;0.0;0.0;0.0;0.0;0.0;0.0;2.24;1.24;1.94;8.84;999.93;9;0.79;0.84;1.63;4.28;;;0
136;2022-11-20 23:33:12.575121;HUSI11;91.36;2510;7.87;0.69;0.0;0.0;0.0;0.0;0.0;0.0;2.24;1.24;1.94;8.84;999.93;9;0.79;0.84;1.63;4.28;;;0
137;2022-11-20 23:33:12.575121;HUSI11;91.5;1800;7.87;0.69;0.0;0.0;0.0;0.0;0.0;0.0;2.24;1.24;1.94;8.84;999.93;9;0.79;0.84;1.63;4.28;;;0
138;2022-11-20 23:33:12.575121;HUSI11;91.45;3516;7.87;0.69;0.0;0.0;0.0;0.0;0.0;0.0;2.24;1.24;1.94;8.84;999.93;9;0.79;0.84;1.63;4.28;;;0
139;2022-11-20 23:33:12.575121;HUSI11;91.75;2259;7.87;0.69;0.0;0.0;0.0;0.0;0.0;0.0;2.24;1.24;1.94;8.84;999.93;9;0.79;0.84;1.63;4.28;;;0
140;2022-11-20 23:33:12.575121;HUSI11;91.96;7606;7.87;0.69;0.0;0.0;0.0;0.0;0.0;0.0;2.24;1.24;1.94;8.84;999.93;9;0.79;0.84;1.63;4.28;;;0
141;2022-11-20 23:33:12.575121;PLRI11;24.99;160;0.14;0.62;2.27;4.15;11.97;0.76;0.69;1.0;10.95;-7.09;-6.52;-33.91;33.32;75;0.42;-0.75;-0.34;-13.4;;;0
142;2022-11-20 23:33:12.575121;BBRC11;93.41;706;0.99;0.99;2.92;5.9;11.53;0.97;0.98;0.96;9.67;-0.22;0.77;10.02;106.72;88;0.93;-0.09;0.84;8.39;5.37;1.08;20
143;2022-11-20 23:33:12.575121;IDFI11;61.92;18;0.23;0.37;2.21;6.88;0.0;0.74;1.15;0.0;12.08;-1.88;-1.52;-31.43;64.99;95;0.61;-2.37;-1.78;-11.61;;;0
144;2022-11-20 23:33:12.575121;RRCI11;84.36;358;1.0;1.2;3.83;8.22;16.17;1.28;1.37;1.35;13.78;-3.05;-1.88;11.52;95.87;88;1.04;-0.39;0.65;11.4;;;0
145;2022-11-20 23:33:12.575121;ATSA11;80.08;1;0.05;0.07;0.31;0.92;2.82;0.1;0.15;0.24;0.13;-5.04;-4.97;-4.91;90.33;89;0.06;0.1;0.16;0.61;21.9;;1
146;2022-11-20 23:33:12.575121;VTLT11;90.01;1066;0.83;0.85;2.58;5.33;10.48;0.86;0.89;0.87;8.9;1.24;2.11;16.11;102.93;87;0.81;0.05;0.85;7.99;0.0;0.0;1
147;2022-11-20 23:33:12.575121;RBRS11;63.89;1541;0.43;0.7;1.97;4.5;8.48;0.66;0.75;0.71;7.19;-2.32;-1.64;-1.85;89.63;71;0.48;-0.06;0.42;-0.06;;;0
148;2022-11-20 23:33:12.575121;BCRI11;97.68;8748;1.0;0.98;3.27;7.2;14.17;1.09;1.2;1.18;11.81;-0.78;0.19;3.75;103.5;94;1.06;-1.08;-0.03;6.99;;;0
149;2022-11-20 23:33:12.575121;TEPP11;75.0;4355;0.5;0.63;1.8;3.94;8.06;0.6;0.66;0.67;6.66;-5.71;-5.12;16.3;90.06;83;0.54;0.0;0.55;3.3;9.06;18.03;5
150;2022-11-20 23:33:12.575121;BPFF11;66.17;4203;0.62;0.9;2.9;6.44;11.99;0.97;1.07;1.0;10.17;-0.61;0.29;11.15;78.28;85;0.79;-0.75;0.03;7.83;;;0
151;2022-11-20 23:33:12.575121;PATC11;69.75;973;0.4;0.52;1.53;3.84;6.63;0.51;0.64;0.55;5.68;1.29;1.82;23.45;85.21;82;0.47;-0.54;-0.08;2.28;21.9;18.9;6
152;2022-11-20 23:33:12.575121;PLCR11;85.81;6258;1.1;1.27;3.87;7.99;15.14;1.29;1.33;1.26;12.8;3.07;4.38;11.51;92.36;93;1.19;0.35;1.54;9.68;;;0
153;2022-11-20 23:33:12.575121;APTO11;8.9;4139;0.09;0.99;3.26;6.98;0.0;1.09;1.16;0.0;11.08;0.77;1.77;0.92;10.05;89;0.9;0.04;0.93;12.89;;;0
154;2022-11-20 23:33:12.575121;SPVJ11;69.4;550;0.67;0.96;0.96;0.96;0.96;0.32;0.16;0.08;0.96;0.0;0.96;0.96;116.67;59;0.57;8.89;9.51;15.27;;;0
155;2022-11-20 23:33:12.575121;SPVJ11;69.11;284;0.67;0.96;0.96;0.96;0.96;0.32;0.16;0.08;0.96;0.0;0.96;0.96;116.67;59;0.57;8.89;9.51;15.27;;;0
156;2022-11-20 23:33:12.575121;SPVJ11;69.31;274;0.67;0.96;0.96;0.96;0.96;0.32;0.16;0.08;0.96;0.0;0.96;0.96;116.67;59;0.57;8.89;9.51;15.27;;;0
157;2022-11-20 23:33:12.575121;SPVJ11;69.68;275;0.67;0.96;0.96;0.96;0.96;0.32;0.16;0.08;0.96;0.0;0.96;0.96;116.67;60;0.57;8.89;9.51;15.27;;;0
158;2022-11-20 23:33:12.575121;SPVJ11;69.47;578;0.67;0.96;0.96;0.96;0.96;0.32;0.16;0.08;0.96;0.0;0.96;0.96;116.67;60;0.57;8.89;9.51;15.27;;;0
159;2022-11-20 23:33:12.575121;SPVJ11;69.34;182;0.67;0.96;0.96;0.96;0.96;0.32;0.16;0.08;0.96;0.0;0.96;0.96;116.67;59;0.57;8.89;9.51;15.27;;;0
160;2022-11-20 23:33:12.575121;SPVJ11;69.45;235;0.67;0.96;0.96;0.96;0.96;0.32;0.16;0.08;0.96;0.0;0.96;0.96;116.67;60;0.57;8.89;9.51;15.27;;;0
161;2022-11-20 23:33:12.575121;SPVJ11;69.47;735;0.67;0.96;0.96;0.96;0.96;0.32;0.16;0.08;0.96;0.0;0.96;0.96;116.67;60;0.57;8.89;9.51;15.27;;;0
162;2022-11-20 23:33:12.575121;SPVJ11;69.07;387;0.67;0.96;0.96;0.96;0.96;0.32;0.16;0.08;0.96;0.0;0.96;0.96;116.67;59;0.57;8.89;9.51;15.27;;;0
163;2022-11-20 23:33:12.575121;HSLG11;88.0;11120;0.7;0.75;2.2;4.53;8.69;0.73;0.76;0.72;7.35;-1.53;-0.8;12.45;105.27;84;0.66;-0.03;0.64;0.37;1.1;;5
164;2022-11-20 23:33:12.575121;KNIP11;92.15;130321;0.3;0.32;1.32;5.53;13.77;0.44;0.92;1.15;10.88;3.79;4.12;1.23;96.64;95;0.31;0.67;0.98;10.69;;;0
165;2022-11-20 23:33:12.575121;KNCR11;99.21;145837;1.1;1.1;3.55;6.76;11.8;1.18;1.13;0.98;10.34;-0.87;0.22;10.94;100.68;99;1.09;-0.16;0.93;10.57;;;0
166;2022-11-20 23:33:12.575121;STRX11;109.95;443;0.79;0.72;0.72;0.72;0.72;0.24;0.12;0.06;0.72;0.0;0.72;0.72;140.84;78;0.56;0.0;0.56;5.41;;;0
167;2022-11-20 23:33:12.575121;STRX11;110.0;3438;0.79;0.72;0.72;0.72;0.72;0.24;0.12;0.06;0.72;0.0;0.72;0.72;140.84;78;0.56;0.0;0.56;5.41;;;0
168;2022-11-20 23:33:12.575121;STRX11;110.05;2959;0.79;0.72;0.72;0.72;0.72;0.24;0.12;0.06;0.72;0.0;0.72;0.72;140.84;78;0.56;0.0;0.56;5.41;;;0
169;2022-11-20 23:33:12.575121;STRX11;110.05;2843;0.79;0.72;0.72;0.72;0.72;0.24;0.12;0.06;0.72;0.0;0.72;0.72;140.84;78;0.56;0.0;0.56;5.41;;;0
170;2022-11-20 23:33:12.575121;STRX11;109.97;4744;0.79;0.72;0.72;0.72;0.72;0.24;0.12;0.06;0.72;0.0;0.72;0.72;140.84;78;0.56;0.0;0.56;5.41;;;0
171;2022-11-20 23:33:12.575121;STRX11;110.18;2665;0.79;0.72;0.72;0.72;0.72;0.24;0.12;0.06;0.72;0.0;0.72;0.72;140.84;78;0.56;0.0;0.56;5.41;;;0
172;2022-11-20 23:33:12.575121;STRX11;109.9;4250;0.79;0.72;0.72;0.72;0.72;0.24;0.12;0.06;0.72;0.0;0.72;0.72;140.84;78;0.56;0.0;0.56;5.41;;;0
173;2022-11-20 23:33:12.575121;STRX11;110.0;3685;0.79;0.72;0.72;0.72;0.72;0.24;0.12;0.06;0.72;0.0;0.72;0.72;140.84;78;0.56;0.0;0.56;5.41;;;0
174;2022-11-20 23:33:12.575121;VLOL11;104.01;163;0.61;0.58;1.7;3.47;6.82;0.57;0.58;0.57;5.75;-1.26;-0.69;19.88;103.61;100;0.59;0.01;0.6;4.07;0.0;;1
175;2022-11-20 23:33:12.575121;CCRF11;97.96;5;0.7;0.74;2.82;6.74;0.0;0.94;1.12;0.0;10.36;3.01;3.77;5.41;97.34;101;0.72;0.02;0.74;2.34;;;0
176;2022-11-20 23:33:12.575121;EQIR11;9.5;972;0.11;1.12;13.5;16.98;0.0;4.5;2.83;0.0;20.23;0.31;1.43;-87.81;9.95;95;;;;;;;0
177;2022-11-20 23:33:12.575121;HGLG11;163.84;33103;1.1;0.66;1.96;5.29;9.65;0.65;0.88;0.8;7.94;0.0;0.66;5.57;147.15;111;0.75;-0.25;0.5;7.58;6.9;6.5;17
178;2022-11-20 23:33:12.575121;BBFO11;70.69;3224;0.62;0.85;2.74;6.37;12.33;0.91;1.06;1.03;10.51;-5.95;-5.15;10.96;85.96;82;0.72;-1.04;-0.33;8.53;;;0
179;2022-11-20 23:33:12.575121;JSAF11;90.49;2295;0.93;0.99;3.09;6.49;0.0;1.03;1.08;0.0;10.88;5.94;6.99;26.64;98.12;92;0.95;-1.02;-0.08;10.56;;;0
180;2022-11-20 23:33:12.575121;RNGO11;47.0;11514;0.43;0.87;2.48;5.12;9.4;0.83;0.85;0.78;8.05;-4.36;-3.53;4.8;87.7;54;0.49;0.03;0.52;4.88;24.1;;3
181;2022-11-20 23:33:12.575121;SHPH11;780.0;48;3.8;0.48;1.53;2.96;5.78;0.51;0.49;0.48;4.9;-0.13;0.36;2.13;889.05;88;0.43;0.01;0.44;3.62;10.8;;1
182;2022-11-20 23:33:12.575121;CACR11;100.47;4727;1.44;1.43;4.51;7.67;16.05;1.5;1.28;1.34;13.16;-0.11;1.32;6.48;103.47;97;1.51;0.27;1.78;35.75;;;0
183;2022-11-20 23:33:12.575121;RBED11;127.49;995;1.23;0.93;2.76;5.73;11.11;0.92;0.96;0.93;9.42;-0.73;0.2;20.53;141.17;90;0.87;0.08;0.95;8.33;0.0;;5
184;2022-11-20 23:33:12.575121;RBVA11;92.21;7407;1.07;1.11;3.25;6.57;12.16;1.08;1.1;1.01;10.34;-0.32;0.79;8.03;103.06;89;1.04;0.18;1.22;9.95;0.7;;72
185;2022-11-20 23:33:12.575121;HABT11;91.26;21799;0.9;0.94;3.09;7.03;14.17;1.03;1.17;1.18;11.64;3.6;4.57;-3.69;99.66;92;0.9;-0.6;0.3;14.53;;;0
186;2022-11-20 23:33:12.575121;HSAF11;84.4;2082;1.0;1.19;3.56;7.11;14.24;1.19;1.18;1.19;13.18;-1.2;-0.02;-3.26;92.17;92;1.08;-0.13;0.95;8.42;;;0
187;2022-11-20 23:33:12.575121;CXAG11;79.5;2378;0.75;0.93;2.82;5.92;0.0;0.94;0.99;0.0;8.82;0.7;1.64;15.5;115.5;69;0.65;0.64;1.29;17.4;;;0
188;2022-11-20 23:33:12.575121;GTWR11;81.4;5499;0.74;0.88;2.68;5.79;11.22;0.89;0.97;0.94;9.46;3.02;3.93;9.37;98.02;83;0.75;0.02;0.78;7.25;0.0;0.0;1
189;2022-11-20 23:33:12.575121;XPHT11;114.0;8;1.6;1.47;3.38;4.59;6.46;1.13;0.76;0.54;4.69;-3.35;-1.94;16.69;94.26;121;1.7;0.14;1.84;5.15;64.9;;5
190;2022-11-20 23:33:12.575121;XPLG11;100.31;38558;0.74;0.69;2.04;4.24;8.29;0.68;0.71;0.69;6.96;-0.68;0.01;16.68;114.27;88;0.65;0.05;0.7;10.55;8.8;1.2;13
191;2022-11-20 23:33:12.575121;ARRI11;8.97;33434;0.11;1.19;3.93;8.04;16.63;1.31;1.34;1.39;13.29;3.7;4.93;-89.51;9.22;97;1.52;-0.68;0.83;-89.02;;;0
192;2022-11-20 23:33:12.575121;RBVO11;10.98;531;0.03;0.27;0.82;1.54;3.58;0.27;0.26;0.3;2.94;-1.25;-0.98;-7.16;17.47;63;0.17;1.85;2.02;-22.07;;;0
193;2022-11-20 23:33:12.575121;RDPD11;35.6;2188;0.44;1.25;3.44;6.67;12.94;1.15;1.11;1.08;11.25;-29.15;-28.27;-30.46;53.92;66;0.82;-1.24;-0.44;0.69;;;0
194;2022-11-20 23:33:12.575121;KINP11;9.39;517;0.14;1.47;4.34;11.63;0.0;1.45;1.94;0.0;16.21;-2.32;-0.88;-23.63;5.12;183;2.66;-4.09;-1.54;2.66;;;0
195;2022-11-20 23:33:12.575121;LASC11;92.0;16;0.81;0.88;2.2;4.25;7.92;0.73;0.71;0.66;7.27;0.0;0.88;9.91;109.94;84;0.74;-2.42;-1.7;1.79;2.4;;3
196;2022-11-20 23:33:12.575121;HTMX11;106.46;3255;0.91;0.78;1.58;2.63;5.34;0.53;0.44;0.44;1.58;3.38;4.19;5.02;125.16;85;0.72;-0.12;0.6;0.6;65.0;;23
197;2022-11-20 23:33:12.575121;VCRR11;74.5;769;0.67;0.89;2.54;5.34;10.74;0.85;0.89;0.9;8.92;-7.07;-6.24;6.47;120.0;62;0.56;0.03;0.59;5.46;;;0
198;2022-11-20 23:33:12.575121;KNHY11;96.16;34868;0.47;0.47;1.64;5.72;13.46;0.55;0.95;1.12;10.66;3.02;3.51;2.99;98.63;97;0.48;1.05;1.53;11.85;;;0
199;2022-11-20 23:33:12.575121;URPR11;99.46;40115;1.13;1.11;3.97;8.53;17.64;1.32;1.42;1.47;14.41;0.04;1.15;-2.75;101.09;98;1.12;-0.34;0.78;23.72;;;0
200;2022-11-20 23:33:12.575121;HUSC11;108.0;10;0.87;0.74;2.44;5.38;8.71;0.81;0.9;0.73;7.71;0.86;1.61;13.52;142.8;76;0.65;0.0;0.65;4.03;;;0
201;2022-11-20 23:33:12.575121;NVIF11B;95.9;88;0.44;0.0;0.0;0.0;0.0;0.0;0.0;0.0;;0.0;0.0;0.0;287.39;33;0.15;3.38;3.54;14.24;;;0
202;2022-11-20 23:33:12.575121;NVIF11B;95.96;971;0.44;0.0;0.0;0.0;0.0;0.0;0.0;0.0;;0.0;0.0;0.0;287.39;33;0.15;3.38;3.54;14.24;;;0
203;2022-11-20 23:33:12.575121;NVIF11B;95.96;1257;0.44;0.0;0.0;0.0;0.0;0.0;0.0;0.0;;0.0;0.0;0.0;287.39;33;0.15;3.38;3.54;14.24;;;0
204;2022-11-20 23:33:12.575121;NVIF11B;96.52;1760;0.44;0.0;0.0;0.0;0.0;0.0;0.0;0.0;;0.0;0.0;0.0;287.39;34;0.15;3.38;3.54;14.24;;;0
205;2022-11-20 23:33:12.575121;NVIF11B;96.14;1449;0.44;0.0;0.0;0.0;0.0;0.0;0.0;0.0;;0.0;0.0;0.0;287.39;33;0.15;3.38;3.54;14.24;;;0
206;2022-11-20 23:33:12.575121;NVIF11B;96.15;1508;0.44;0.0;0.0;0.0;0.0;0.0;0.0;0.0;;0.0;0.0;0.0;287.39;33;0.15;3.38;3.54;14.24;;;0
207;2022-11-20 23:33:12.575121;NVIF11B;95.92;558;0.44;0.0;0.0;0.0;0.0;0.0;0.0;0.0;;0.0;0.0;0.0;287.39;33;0.15;3.38;3.54;14.24;;;0
208;2022-11-20 23:33:12.575121;NVIF11B;95.81;2665;0.44;0.0;0.0;0.0;0.0;0.0;0.0;0.0;;0.0;0.0;0.0;287.39;33;0.15;3.38;3.54;14.24;;;0
209;2022-11-20 23:33:12.575121;NVIF11B;96.2;1534;0.44;0.0;0.0;0.0;0.0;0.0;0.0;0.0;;0.0;0.0;0.0;287.39;33;0.15;3.38;3.54;14.24;;;0
210;2022-11-20 23:33:12.575121;NEWL11;98.0;971;0.9;0.89;2.65;6.28;11.57;0.88;1.05;0.96;9.44;-0.79;0.1;8.13;121.36;81;0.74;0.12;0.86;13.25;0.0;;2
211;2022-11-20 23:33:12.575121;LVBI11;102.0;12823;0.75;0.69;2.11;4.32;8.64;0.7;0.72;0.72;5.76;0.0;0.69;21.62;115.54;88;0.65;0.04;0.69;3.82;0.5;0.0;10
212;2022-11-20 23:33:12.575121;HSRE11;101.5;4;0.63;0.62;1.88;3.63;7.32;0.63;0.6;0.61;5.87;-0.15;0.48;6.92;96.23;105;0.65;0.06;0.71;5.18;0.0;;29
213;2022-11-20 23:33:12.575121;JPPA11;104.5;3425;1.5;1.43;4.45;10.04;18.75;1.48;1.67;1.56;16.08;-1.19;0.23;26.01;99.77;105;1.5;0.38;1.89;11.01;;;0
214;2022-11-20 23:33:12.575121;RZTR11;99.18;45177;1.25;1.22;3.61;7.28;14.57;1.2;1.21;1.21;13.34;-1.89;-0.7;12.49;97.31;102;1.28;-0.23;1.05;8.97;;;10
215;2022-11-20 23:33:12.575121;QAMI11;81.88;127;0.8;0.95;3.04;7.26;15.39;1.01;1.21;1.28;12.19;-0.17;0.78;-4.25;93.0;88;0.86;0.77;1.64;11.52;;;0
216;2022-11-20 23:33:12.575121;BICR11;97.26;2;1.01;0.99;2.52;4.6;9.0;0.84;0.77;0.75;7.72;-0.03;0.96;16.73;100.88;96;1.0;0.4;1.41;9.28;;;0
217;2022-11-20 23:33:12.575121;OUJP11;95.95;3962;1.2;1.26;3.86;8.28;15.87;1.29;1.38;1.32;13.65;2.38;3.67;19.5;101.13;95;1.19;0.26;1.45;13.54;;;0
218;2022-11-20 23:33:12.575121;HGRE11;130.0;12700;0.78;0.57;1.67;3.51;8.32;0.56;0.58;0.69;5.73;-0.54;0.02;10.23;161.76;80;0.48;-0.06;0.42;1.72;27.13;29.17;21
219;2022-11-20 23:33:12.575121;LGCP11;83.36;5352;0.62;0.73;2.19;4.55;8.93;0.73;0.76;0.74;7.55;-0.91;-0.19;10.84;102.77;81;0.6;0.6;1.21;6.87;0.5;;5
220;2022-11-20 23:33:12.575121;NSLU11;165.69;2776;1.41;0.87;1.66;3.92;9.06;0.55;0.65;0.76;2.42;0.0;0.87;15.0;194.68;85;0.72;0.06;0.78;2.27;0.0;;1
221;2022-11-20 23:33:12.575121;FIIP11B;150.04;665;1.35;0.85;2.5;5.06;9.75;0.83;0.84;0.81;8.21;-1.0;-0.16;4.54;186.4;80;0.72;0.08;0.81;-0.48;0.0;;7
222;2022-11-20 23:33:12.575121;KFOF11;83.1;6430;0.72;0.8;2.4;5.11;10.03;0.8;0.85;0.84;8.55;-2.27;-1.48;28.48;98.39;84;0.73;-1.84;-1.12;12.53;;;0
223;2022-11-20 23:33:12.575121;HGIC11;106.37;3748;1.21;1.13;3.1;6.0;11.9;1.03;1.0;0.99;9.78;1.42;2.56;11.24;116.44;91;1.04;0.78;1.82;18.39;;;0
224;2022-11-20 23:33:12.575121;CRFF11;74.68;11;0.63;0.8;2.45;5.2;9.69;0.82;0.87;0.81;8.34;4.65;5.49;22.96;89.67;83;0.7;-0.9;-0.21;11.06;;;0
225;2022-11-20 23:33:12.575121;ITIT11;79.48;980;0.58;0.71;2.17;4.53;9.05;0.72;0.75;0.75;7.6;0.0;0.71;21.95;84.59;94;0.69;-1.74;-1.07;12.68;;;0
226;2022-11-20 23:33:12.575121;XPCM11;15.1;3448;0.15;0.87;2.4;5.44;10.69;0.8;0.91;0.89;9.23;0.0;0.87;-1.73;51.93;29;0.29;-0.59;-0.3;-2.53;100.0;;1
227;2022-11-20 23:33:12.575121;BTRA11;85.91;6244;0.8;0.92;2.46;5.11;10.65;0.82;0.85;0.89;7.85;0.0;0.92;-4.0;103.34;83;0.77;-0.69;0.08;3.71;;;0
228;2022-11-20 23:33:12.575121;VIFI11;7.43;28055;0.06;0.8;2.39;4.98;10.11;0.8;0.83;0.84;8.4;0.0;0.8;5.08;9.37;79;0.64;-0.77;-0.14;-68.07;;;0
229;2022-11-20 23:33:12.575121;BTWR11;105.49;1600;0.42;0.4;1.22;2.13;3.16;0.41;0.35;0.26;3.16;0.0;0.4;1.75;111.61;95;0.43;0.07;0.51;6.17;12.0;;1
230;2022-11-20 23:33:12.575121;BTSG11;100.0;1;0.87;0.86;1.72;1.72;0.0;0.57;0.29;0.0;1.72;0.0;0.86;1.73;133.34;75;0.65;0.0;0.65;5.34;;;0
231;2022-11-20 23:33:12.575121;TRXF11;104.81;22971;0.85;0.78;2.33;5.08;9.98;0.78;0.85;0.83;8.27;0.0;0.78;17.1;100.81;104;0.84;-2.12;-1.3;8.77;0.0;;44
232;2022-11-20 23:33:12.575121;HPDP11;78.2;127;0.55;0.69;1.84;3.47;6.79;0.61;0.58;0.57;5.65;0.0;0.69;0.5;94.87;82;0.58;-0.12;0.46;5.11;2.0;;1
233;2022-11-20 23:33:12.575121;HFOF11;74.0;22811;0.62;0.78;2.37;4.94;9.56;0.79;0.82;0.8;8.07;0.0;0.78;8.9;85.99;86;0.72;-1.48;-0.77;9.06;;;0
234;2022-11-20 23:33:12.575121;HOSI11;62.61;3;0.44;0.68;2.01;3.69;7.19;0.67;0.62;0.6;5.69;0.0;0.68;-7.18;92.95;67;0.47;0.2;0.67;4.6;;;2
235;2022-11-20 23:33:12.575121;JSRE11;76.64;37732;0.49;0.57;1.7;3.62;7.68;0.57;0.6;0.64;6.28;0.0;0.57;15.09;113.42;68;0.43;-0.11;0.32;3.89;14.8;13.4;5
236;2022-11-20 23:33:12.575121;VSHO11;73.99;125;0.53;0.71;2.14;4.56;8.97;0.71;0.76;0.75;7.52;0.0;0.71;2.98;98.78;75;0.54;0.67;1.21;2.73;12.96;;3
237;2022-11-20 23:33:12.575121;VISC11;105.01;22574;0.75;0.67;1.96;4.05;8.2;0.65;0.67;0.68;6.78;0.0;0.67;20.05;114.97;91;0.65;0.21;0.86;5.26;8.3;;15
238;2022-11-20 23:33:12.575121;RFOF11;71.71;1081;0.73;0.95;2.81;5.69;11.13;0.94;0.95;0.93;9.36;0.0;0.95;14.4;85.76;84;0.85;-1.09;-0.25;6.65;;;0
239;2022-11-20 23:33:12.575121;KCRE11;90.9;4008;0.35;0.37;0.0;0.0;0.0;0.0;0.0;0.0;0.73;0.0;0.37;6.03;100.94;90;0.35;0.22;0.57;3.06;;;0
240;2022-11-20 23:33:12.575121;ERCR11;89.1;177;139.45;0.0;0.0;0.0;0.0;0.0;0.0;0.0;;0.0;0.0;0.0;69310.6;0;;;;;;;0
241;2022-11-20 23:33:12.575121;ERCR11;89.2;4779;139.45;0.0;0.0;0.0;0.0;0.0;0.0;0.0;;0.0;0.0;0.0;69310.6;0;;;;;;;0
242;2022-11-20 23:33:12.575121;ERCR11;88.55;2738;139.45;0.0;0.0;0.0;0.0;0.0;0.0;0.0;;0.0;0.0;0.0;69310.6;0;;;;;;;0
243;2022-11-20 23:33:12.575121;ERCR11;89.31;2315;139.45;0.0;0.0;0.0;0.0;0.0;0.0;0.0;;0.0;0.0;0.0;69310.6;0;;;;;;;0
244;2022-11-20 23:33:12.575121;ERCR11;88.83;6123;139.45;0.0;0.0;0.0;0.0;0.0;0.0;0.0;;0.0;0.0;0.0;69310.6;0;;;;;;;0
245;2022-11-20 23:33:12.575121;ERCR11;88.66;2350;139.45;0.0;0.0;0.0;0.0;0.0;0.0;0.0;;0.0;0.0;0.0;69310.6;0;;;;;;;0
246;2022-11-20 23:33:12.575121;ERCR11;88.3;9724;139.45;0.0;0.0;0.0;0.0;0.0;0.0;0.0;;0.0;0.0;0.0;69310.6;0;;;;;;;0
247;2022-11-20 23:33:12.575121;ERCR11;88.24;3488;139.45;0.0;0.0;0.0;0.0;0.0;0.0;0.0;;0.0;0.0;0.0;69310.6;0;;;;;;;0
248;2022-11-20 23:33:12.575121;VVPR11;101.5;2211;0.89;0.88;2.47;4.88;9.73;0.82;0.81;0.81;6.57;2.01;2.91;15.95;98.03;104;;;;;0.0;;6
249;2022-11-20 23:33:12.575121;BRCO11;100.22;32334;0.7;0.64;1.92;4.01;7.86;0.64;0.67;0.66;6.56;0.0;0.64;20.18;119.15;84;0.59;0.07;0.65;5.56;0.0;0.0;10
250;2022-11-20 23:33:12.575121;BNFS11;121.21;393;1.51;1.21;3.65;7.3;13.67;1.22;1.22;1.14;11.54;0.0;1.21;10.48;99.25;122;1.53;0.0;1.53;12.03;0.0;;18
251;2022-11-20 23:33:12.575121;VINO11;47.89;21221;0.34;0.68;2.03;4.27;8.9;0.68;0.71;0.74;7.03;0.0;0.68;3.82;54.14;88;0.63;0.47;1.1;3.98;4.2;;9
252;2022-11-20 23:33:12.575121;PQDP11;2130.01;45;18.55;0.82;2.34;4.49;8.69;0.78;0.75;0.72;6.06;0.0;0.82;17.22;3312.13;64;0.56;-0.03;0.53;1.13;3.6;;1
253;2022-11-20 23:33:12.575121;BBFI11B;1910.98;141;26.88;1.41;4.13;8.47;16.31;1.38;1.41;1.36;13.34;0.0;1.41;-5.07;2892.19;66;0.92;0.23;1.15;5.45;39.11;;2
254;2022-11-20 23:33:12.575121;BBPO11;90.85;15908;0.92;0.99;3.01;6.34;12.25;1.0;1.06;1.02;10.31;0.0;0.99;9.45;100.3;91;0.92;0.11;1.03;14.72;0.0;0.0;64
255;2022-11-20 23:33:12.575121;RBLG11;98.5;21;0.88;0.89;2.74;5.5;10.84;0.91;0.92;0.9;7.31;0.0;0.89;16.59;101.44;97;0.87;-0.4;0.46;2.83;0.0;;1
257;2022-11-20 23:33:12.575121;BCIA11;86.39;4478;0.76;0.83;2.47;5.13;9.88;0.82;0.86;0.82;8.34;0.0;0.83;15.16;107.22;81;0.71;-1.12;-0.42;10.1;;;0
258;2022-11-20 23:33:12.575121;CBOP11;56.39;328;0.49;0.87;2.55;5.82;13.82;0.85;0.97;1.15;8.89;0.0;0.87;-15.33;75.66;75;0.65;-0.54;0.11;-11.19;33.59;30.79;1
259;2022-11-20 23:33:12.575121;GESE11B;1520.0;300;13.69;0.0;0.0;0.0;0.0;0.0;0.0;0.0;;0.0;0.0;0.0;1767.91;86;0.77;0.02;0.8;1.6;;;0
260;2022-11-20 23:33:12.575121;EURO11;228.01;307;1.83;0.81;2.27;4.68;9.68;0.76;0.78;0.81;8.03;0.0;0.81;21.78;312.88;73;0.58;0.11;0.69;6.02;0.0;;6
261;2022-11-20 23:33:12.575121;CXRI11;68.48;566;0.55;0.79;2.37;5.12;9.72;0.79;0.85;0.81;8.25;0.0;0.79;9.05;88.49;77;0.62;-1.25;-0.64;10.56;;;0
262;2022-11-20 23:33:12.575121;KNSC11;85.25;40352;0.52;0.59;1.97;5.56;13.11;0.66;0.93;1.09;10.23;0.0;0.59;-1.42;89.63;95;0.58;0.47;1.06;10.3;;;0
263;2022-11-20 23:33:12.575121;RBFF11;54.0;4558;0.51;0.92;2.66;5.51;10.85;0.89;0.92;0.9;9.12;0.0;0.92;9.9;67.32;80;0.76;-0.8;-0.04;11.09;;;0
264;2022-11-20 23:33:12.575121;FIGS11;51.32;7711;0.38;0.7;2.01;4.34;8.38;0.67;0.72;0.7;7.1;0.0;0.7;5.8;99.79;51;0.38;0.18;0.56;3.98;13.7;;2
265;2022-11-20 23:33:12.575121;GGRC11;116.5;10832;1.08;0.88;2.47;5.0;9.67;0.82;0.83;0.81;8.2;0.0;0.88;14.01;124.77;93;0.87;-0.17;0.7;1.38;0.0;0.0;20
266;2022-11-20 23:33:12.575121;SDIL11;92.53;13336;0.79;0.83;2.43;4.99;10.11;0.81;0.83;0.84;8.39;0.0;0.83;19.71;98.54;94;0.8;-0.17;0.63;9.19;2.6;;5
267;2022-11-20 23:33:12.575121;PQAG11;54.85;96;0.44;0.81;2.31;4.49;8.53;0.77;0.75;0.71;7.25;0.0;0.81;3.69;57.29;96;0.77;-0.02;0.75;8.24;0.0;;1
268;2022-11-20 23:33:12.575121;VCJR11;93.0;13623;0.25;0.27;1.2;5.34;13.46;0.4;0.89;1.12;10.38;0.0;0.27;5.21;95.6;97;0.26;1.2;1.47;12.68;;;0
269;2022-11-20 23:33:12.575121;WPLZ11;79.48;10;0.5;0.63;1.91;3.55;6.2;0.64;0.59;0.52;5.13;0.0;0.63;17.37;102.93;77;0.49;0.03;0.52;4.02;11.0;;1
270;2022-11-20 23:33:12.575121;HGCR11;102.38;22862;1.2;1.19;3.53;7.02;13.3;1.18;1.17;1.11;12.12;0.0;1.19;2.89;101.82;101;1.18;-0.16;1.02;10.71;;;0
271;2022-11-20 23:33:12.575121;HGPO11;258.0;483;1.6;0.62;1.85;3.49;6.72;0.62;0.58;0.56;5.56;0.0;0.62;4.95;267.91;96;0.6;-0.05;0.54;4.81;4.99;2.72;2
272;2022-11-20 23:33:12.575121;HGRU11;122.0;26739;0.82;0.65;1.95;4.61;8.72;0.65;0.77;0.73;8.08;0.0;0.65;25.03;119.24;102;0.69;0.29;0.98;7.07;0.0;0.0;17
273;2022-11-20 23:33:12.575121;HSML11;85.27;31195;0.68;0.76;2.26;4.7;9.06;0.75;0.78;0.76;7.68;0.0;0.76;26.52;97.56;87;0.7;-0.52;0.17;3.74;4.5;;6
274;2022-11-20 23:33:12.575121;EDFO11B;202.9;5;1.82;0.92;2.62;5.06;9.31;0.87;0.84;0.78;7.83;0.0;0.92;-0.43;192.02;106;0.92;-0.97;-0.06;6.02;7.1;;1
275;2022-11-20 23:33:12.575121;XPCI11;83.2;39325;0.67;0.77;2.78;6.27;12.97;0.93;1.05;1.08;10.95;0.0;0.77;-0.18;95.51;87;0.7;-1.59;-0.89;11.61;;;0
276;2022-11-20 23:33:12.575121;PORD11;90.2;10297;0.9;0.95;3.29;7.8;15.7;1.1;1.3;1.31;14.58;0.0;0.95;16.29;97.94;92;1.12;-0.05;1.07;7.6;;;0
277;2022-11-20 23:33:12.575121;BLMO11;20000.0;40;26.02;0.13;0.45;0.7;0.0;0.15;0.12;0.0;0.86;0.0;0.13;-22.41;29432.54;68;0.11;-0.08;0.04;12.89;0.0;;1
278;2022-11-20 23:33:12.575121;MXRF11;10.1;548285;0.1;0.98;3.02;6.39;12.26;1.01;1.07;1.02;10.56;0.0;0.98;24.62;10.2;99;1.03;0.58;1.61;4.89;;;0
279;2022-11-20 23:33:12.575121;KNCA11;106.18;7806;1.45;1.33;3.98;7.61;0.0;1.33;1.27;0.0;10.83;0.0;1.33;9.9;102.19;104;1.42;0.07;1.49;11.27;;;0
280;2022-11-20 23:33:12.575121;KISU11;8.3;123058;0.08;0.9;2.65;5.85;10.86;0.88;0.97;0.9;9.2;0.0;0.9;12.14;9.38;88;0.8;-0.19;0.6;7.15;;;0
281;2022-11-20 23:33:12.575121;SARE11;69.4;19179;0.64;0.83;2.49;5.29;10.66;0.83;0.88;0.89;8.73;0.0;0.83;16.29;97.75;71;0.65;-0.29;0.36;5.13;6.2;;3
282;2022-11-20 23:33:12.575121;CXCO11;74.24;1586;0.72;0.94;2.77;5.66;10.82;0.92;0.94;0.9;9.11;0.0;0.94;3.64;96.58;77;0.75;0.04;0.79;7.99;;;0
283;2022-11-20 23:33:12.575121;XPSF11;7.16;155486;0.08;1.02;2.97;5.9;11.35;0.99;0.98;0.95;9.52;0.0;1.02;-89.51;8.96;80;0.85;0.01;0.86;-89.08;;;0
284;2022-11-20 23:33:12.575121;HREC11;89.91;564;0.9;1.0;2.7;6.6;12.57;0.9;1.1;1.05;10.47;0.0;1.0;4.23;91.3;98;0.99;0.09;1.08;10.7;;;0
285;2022-11-20 23:33:12.575121;VCRI11;9.09;17184;0.12;1.33;3.98;8.82;0.0;1.33;1.47;0.0;8.82;0.0;1.33;3.97;9.7;94;1.24;0.14;1.38;1.78;;;0
286;2022-11-20 23:33:12.575121;HGFF11;76.4;4233;0.65;0.8;2.41;5.04;9.89;0.8;0.84;0.82;8.29;0.0;0.8;15.6;92.53;83;0.7;-0.12;0.58;9.82;;;0
287;2022-11-20 23:33:12.575121;AIEC11;72.0;6180;0.74;1.0;2.9;5.82;11.66;0.97;0.97;0.97;9.95;0.0;1.0;4.22;102.31;70;0.72;0.89;1.62;8.34;0.0;;2
288;2022-11-20 23:33:12.575121;RMAI11;48.0;2001;0.26;0.58;1.77;4.06;7.28;0.59;0.68;0.61;7.28;0.0;0.58;20.97;108.1;44;0.24;0.01;0.25;1.96;23.44;;1
289;2022-11-20 23:33:12.575121;CYCR11;8.36;80222;0.1;1.19;3.45;6.95;0.0;1.15;1.16;0.0;11.75;0.0;1.19;-90.61;95.73;9;0.1;0.01;0.11;6.79;;;0
290;2022-11-20 23:33:12.575121;MXRF11;10.1;548285;0.11;1.02;3.07;6.44;12.3;1.02;1.07;1.03;10.6;0.49;1.52;25.29;10.2;99;1.03;0.58;1.61;4.89;;;0
291;2022-11-20 23:33:12.575121;RCRB11;129.83;1720;0.76;0.56;1.56;3.27;6.15;0.52;0.55;0.51;5.47;-8.17;-7.66;23.8;197.11;66;0.39;-0.02;0.36;3.62;28.4;;10
292;2022-11-20 23:33:12.575121;ONEF11;170.0;82;0.92;0.54;1.62;3.35;6.9;0.54;0.56;0.57;6.35;-0.87;-0.34;40.71;174.97;97;0.53;0.02;0.55;4.88;0.0;;1
293;2022-11-20 23:33:12.575121;MBRF11;679.0;438;10.0;1.47;4.42;9.59;17.77;1.47;1.6;1.48;16.27;0.0;1.47;15.18;1136.01;60;0.88;-0.17;0.71;10.03;0.0;;2
294;2022-11-20 23:33:12.575121;DCRA11;9.14;86258;0.11;0.0;0.0;0.0;0.0;0.0;0.0;0.0;;0.0;0.0;0.0;;0;;;;;;;0
295;2022-11-20 23:33:12.575121;LSAG11;113.86;297;1.85;0.0;0.0;0.0;0.0;0.0;0.0;0.0;;0.0;0.0;0.0;;0;;;;;;;0
296;2022-11-20 23:33:12.575121;ERPA11;125.0;930;0.68;0.55;1.65;2.08;0.0;0.55;0.35;0.0;2.32;0.0;0.55;2.46;116.2;108;0.58;0.0;0.59;3.14;;;0
297;2022-11-20 23:33:12.575121;FGAA11;9.93;139059;0.16;0.0;0.0;0.0;0.0;0.0;0.0;0.0;;0.0;0.0;0.0;;0;;;;;;;0
298;2022-11-20 23:33:12.575121;FLMA11;123.98;616;0.95;0.76;2.11;4.34;7.88;0.7;0.72;0.66;6.84;-5.26;-4.54;13.59;157.19;79;0.6;0.02;0.62;5.75;11.0;;2
299;2022-11-20 23:33:12.575121;BLMR11;7.02;61259;0.08;0.99;2.96;6.1;12.02;0.99;1.02;1.0;10.08;0.27;1.26;4.33;8.45;83;0.89;-0.42;0.47;8.31;;;0
300;2022-11-20 23:33:12.575121;BREV11;120.0;1;0.77;0.64;1.79;3.61;7.12;0.6;0.6;0.59;5.96;13.7;14.43;33.36;110.3;109;0.7;-0.14;0.56;6.0;0.0;;12
301;2022-11-20 23:33:12.575121;SCPF11;5.63;309;0.01;0.23;0.67;1.68;3.44;0.22;0.28;0.29;2.84;0.99;1.22;-20.94;12.57;45;0.11;0.17;0.28;2.11;29.3;;1
302;2022-11-20 23:33:12.575121;VCRA11;106.0;2231;1.5;0.0;0.0;0.0;0.0;0.0;0.0;0.0;;0.0;0.0;0.0;102.38;104;1.47;0.0;1.47;1.47;;;0
303;2022-11-20 23:33:12.575121;AGRX11;10.24;2726;0.1;0.0;0.0;0.0;0.0;0.0;0.0;0.0;;0.0;0.0;0.0;;0;;;;;;;0
304;2022-11-20 23:33:12.575121;HGAG11;103.58;1;0.55;0.0;0.0;0.0;0.0;0.0;0.0;0.0;;0.0;0.0;0.0;;0;;;;;;;0
305;2022-11-20 23:33:12.575121;OIAG11;10.19;964;0.14;0.0;0.0;0.0;0.0;0.0;0.0;0.0;;0.0;0.0;0.0;;0;;;;;;;0
306;2022-11-20 23:33:12.575121;PLCA11;92.57;1215;1.07;0.0;0.0;0.0;0.0;0.0;0.0;0.0;;0.0;0.0;0.0;;0;;;;;;;0
307;2022-11-20 23:33:12.575121;RURA11;10.22;185289;0.14;0.0;0.0;0.0;0.0;0.0;0.0;0.0;;0.0;0.0;0.0;;0;;;;;;;0
308;2022-11-20 23:33:12.575121;DRIT11B;99.99;16;0.67;0.74;2.15;3.68;0.0;0.72;0.61;0.0;3.4;-5.27;-4.57;-2.01;125.9;79;0.53;-0.21;0.32;2.03;10.47;;6
309;2022-11-20 23:33:12.575121;GCRA11;99.74;1222;1.2;1.2;3.59;7.78;0.0;1.2;1.3;0.0;11.73;0.49;1.7;7.71;98.0;102;1.22;0.11;1.33;12.74;;;0
310;2022-11-20 23:33:12.575121;BIME11;7.95;3209;0.04;0.47;2.74;7.67;0.0;0.91;1.28;0.0;12.61;-6.0;-5.56;-0.94;9.09;87;0.88;-0.68;0.2;5.92;;;0
311;2022-11-20 23:33:12.575121;FISC11;165.0;200;0.24;0.0;0.0;0.0;0.0;0.0;0.0;0.0;;0.0;0.0;0.0;116.04;142;0.21;0.11;0.31;0.82;;;0
312;2022-11-20 23:33:12.575121;FATN11;94.29;116;0.9;0.95;2.76;5.37;10.04;0.92;0.9;0.84;8.55;-0.68;0.26;0.63;101.03;93;0.89;-0.09;0.8;5.78;4.3;;7
313;2022-11-20 23:33:12.575121;NCHB11;91.22;3746;1.25;1.32;4.12;8.6;15.06;1.37;1.43;1.25;12.91;0.69;2.02;9.35;91.11;100;1.43;0.21;1.64;1.71;;;0
314;2022-11-20 23:33:12.575121;SNAG11;100.04;16277;1.2;1.18;0.0;0.0;0.0;0.0;0.0;0.0;2.37;0.39;1.57;2.78;101.27;99;1.18;0.24;1.43;3.27;;;0
315;2022-11-20 23:33:12.575121;JRDM11;82.0;722;0.47;0.57;2.05;3.78;8.34;0.68;0.63;0.7;4.95;0.0;0.57;21.94;87.4;94;0.54;0.03;0.57;3.44;2.77;;1
316;2022-11-20 23:33:12.575121;RBRL11;84.1;4521;0.65;0.73;2.11;4.41;9.05;0.7;0.74;0.75;7.24;-3.97;-3.27;4.85;107.26;78;0.61;-0.15;0.45;6.83;0.0;0.0;6
317;2022-11-20 23:33:12.575121;CVBI11;90.0;39841;0.66;0.73;2.25;6.05;13.02;0.75;1.01;1.09;10.82;-0.87;-0.15;-0.54;94.71;95;0.7;0.89;1.59;5.56;;;0
318;2022-11-20 23:33:12.575121;BRCR11;59.5;35600;0.47;0.71;2.19;4.42;8.7;0.73;0.74;0.72;5.86;0.0;0.71;9.51;100.42;59;0.47;-0.54;-0.07;-2.53;21.0;25.8;15
319;2022-11-20 23:33:12.575121;BMLC11;106.7;647;0.78;0.74;2.21;4.53;9.15;0.74;0.75;0.76;7.32;4.07;4.84;24.31;109.18;98;0.67;-0.05;0.62;2.58;7.0;;2
320;2022-11-20 23:33:12.575121;SEQR11;63.69;2470;0.67;1.0;3.01;6.08;11.43;1.0;1.01;0.95;9.73;1.15;2.16;1.65;96.06;66;0.69;0.09;0.78;6.92;0.0;;0
321;2022-11-20 23:33:12.575121;DVFF11;72.07;1311;0.7;0.95;2.83;6.19;11.55;0.94;1.03;0.96;9.86;-1.65;-0.72;-7.38;95.38;76;0.73;-0.3;0.43;12.27;;;0
322;2022-11-20 23:33:12.575121;RECR11;85.26;59367;0.44;0.5;2.01;5.9;13.61;0.67;0.98;1.13;10.96;-1.8;-1.31;-3.59;95.33;89;0.46;-0.03;0.43;11.86;;;0
323;2022-11-20 23:33:12.575121;HCTR11;98.42;79606;1.1;1.09;3.17;7.14;14.96;1.06;1.19;1.25;12.39;-1.66;-0.59;-8.77;121.56;81;0.9;-0.08;0.83;15.96;;;0
324;2022-11-20 23:33:12.575121;RECT11;55.87;13175;0.5;0.87;2.48;5.05;9.71;0.83;0.84;0.81;8.1;-5.69;-4.87;-10.62;95.44;59;0.53;0.0;0.52;2.96;15.1;;8
325;2022-11-20 23:33:12.575121;BTCR11;87.8;7866;0.9;1.0;2.93;6.64;13.56;0.98;1.11;1.13;11.59;-6.19;-5.26;9.82;94.66;93;0.95;-0.24;0.71;2.98;;;0
326;2022-11-20 23:33:12.575121;CEOC11;57.01;414;0.5;0.84;2.48;4.95;9.79;0.83;0.83;0.82;8.23;-1.96;-1.13;12.49;89.83;63;0.56;-0.08;0.47;2.62;0.0;;1
327;2022-11-20 23:33:12.575121;BLCA11;89.9;1;0.56;0.62;1.79;3.34;0.0;0.6;0.56;0.0;4.37;0.0;0.62;-2.48;89.55;100;0.63;0.51;1.14;-12.73;0.0;;1
328;2022-11-20 23:33:12.575121;TORD11;7.82;53220;0.07;0.88;3.67;6.54;11.3;1.22;1.09;0.94;8.89;-2.08;-1.22;-16.18;14.15;55;0.49;0.35;0.85;12.76;;;0
329;2022-11-20 23:33:12.575121;MGFF11;60.25;40385;0.53;0.82;2.48;5.26;10.57;0.83;0.88;0.88;8.93;-1.4;-0.59;12.25;77.16;78;0.69;-0.92;-0.24;2.59;;;0
330;2022-11-20 23:33:12.575121;BLMG11;76.09;5497;0.8;0.95;2.79;5.83;11.37;0.93;0.97;0.95;9.46;-6.1;-5.21;-1.92;93.74;81;0.85;1.39;2.26;0.2;0.0;0.0;4
331;2022-11-20 23:33:12.575121;CPFF11;71.77;32279;0.62;0.83;2.46;5.07;10.16;0.82;0.85;0.85;8.64;-1.17;-0.36;14.32;80.8;89;0.77;-0.83;-0.07;8.68;;;0
332;2022-11-20 23:33:12.575121;BCFF11;67.98;36393;0.56;0.81;2.38;4.99;9.62;0.79;0.83;0.8;8.14;-1.13;-0.33;4.36;78.31;87;0.72;-0.1;0.61;3.46;;;0
333;2022-11-20 23:33:12.575121;FLCR11;92.33;428;0.75;0.81;2.63;7.22;15.98;0.88;1.2;1.33;12.68;-1.38;-0.59;5.57;99.15;93;0.76;-0.45;0.3;7.69;;;0
334;2022-11-20 23:33:12.575121;GTLG11;37.0;300;0.7;0.71;2.13;4.23;8.44;0.71;0.71;0.7;7.04;-0.01;0.7;6.72;93.77;39;0.75;0.35;1.1;3.05;;;0
335;2022-11-20 23:33:12.575121;GTLG11;37.0;100;0.7;0.71;2.13;4.23;8.44;0.71;0.71;0.7;7.04;-0.01;0.7;6.72;93.77;39;0.75;0.35;1.1;3.05;;;0
336;2022-11-20 23:33:12.575121;VSLH11;8.98;70198;0.12;1.33;3.74;7.29;14.35;1.25;1.21;1.2;12.06;-0.66;0.66;4.29;10.52;85;1.14;0.23;1.37;18.55;;;0
337;2022-11-20 23:33:12.575121;FAED11;152.02;658;1.54;0.99;2.99;6.29;11.82;1.0;1.05;0.99;10.21;-1.87;-0.9;19.0;216.17;70;0.71;0.0;0.71;4.21;0.0;;3
338;2022-11-20 23:33:12.575121;CXCI11;80.0;1972;0.83;1.04;3.02;6.11;0.0;1.01;1.02;0.0;6.91;-3.42;-2.41;-2.61;98.68;81;0.84;-0.19;0.65;6.37;;;0
339;2022-11-20 23:33:12.575121;RELG11;74.0;947;0.29;0.38;2.23;5.95;12.0;0.74;0.99;1.0;9.86;-7.03;-6.68;4.73;118.93;62;0.24;0.07;0.31;4.26;10.4;10.4;3
340;2022-11-20 23:33:12.575121;MAXR11;77.2;863;0.65;0.81;2.47;5.07;9.37;0.82;0.85;0.78;6.18;0.0;0.81;13.22;120.16;64;0.54;-0.04;0.5;3.71;2.8;;8
341;2022-11-20 23:33:12.575121;DEVA11;84.45;36620;0.56;0.63;2.26;6.53;14.36;0.75;1.09;1.2;11.64;-2.12;-1.5;-3.84;101.2;83;0.55;0.99;1.55;17.52;;;0
342;2022-11-20 23:33:12.575121;RBRP11;53.0;22122;0.28;0.51;2.05;4.37;8.41;0.68;0.73;0.7;7.15;-1.84;-1.34;-15.89;83.16;64;0.34;-0.37;-0.03;5.06;13.0;6.0;17
343;2022-11-20 23:33:12.575121;RVBI11;73.6;2440;0.75;0.97;2.86;5.82;11.41;0.95;0.97;0.95;9.6;-0.69;0.27;5.06;86.36;85;0.87;-0.59;0.28;7.26;;;0
344;2022-11-20 23:33:12.575121;MGLG11;39.7;1096;0.32;0.78;1.95;5.59;11.78;0.65;0.93;0.98;10.24;-2.37;-1.61;-15.88;39.07;102;0.82;-0.05;0.77;-48.64;0.0;;3
345;2022-11-20 23:33:12.575121;FEXC11;87.23;5796;0.9;1.02;3.06;6.9;13.62;1.02;1.15;1.13;11.47;1.73;2.76;11.5;91.87;95;0.98;0.69;1.68;6.33;;;0
346;2022-11-20 23:33:12.575121;IRDM11;95.79;87407;0.79;0.8;2.85;6.66;13.43;0.95;1.11;1.12;11.03;-4.3;-3.54;0.15;94.56;101;0.9;-0.47;0.43;3.32;;;0
347;2022-11-20 23:33:12.575121;RBRR11;87.15;62493;0.7;0.78;2.56;6.14;12.61;0.85;1.02;1.05;10.61;-3.33;-2.58;-2.45;96.96;90;0.72;1.31;2.04;4.32;;;0
348;2022-11-20 23:33:12.575121;CPTR11;97.52;17277;1.4;0.0;0.0;0.0;0.0;0.0;0.0;0.0;;0.0;0.0;0.0;98.68;99;1.42;0.0;1.42;1.42;;;0
349;2022-11-20 23:33:12.575121;CPTS11;85.99;65096;0.85;0.95;3.29;6.91;13.63;1.1;1.15;1.14;11.49;-4.38;-3.47;2.6;91.61;94;0.93;-0.24;0.68;3.13;;;0
350;2022-11-20 23:33:12.575121;RBRF11;70.02;32076;0.63;0.88;2.46;5.16;10.12;0.82;0.86;0.84;8.47;-10.12;-9.33;7.46;86.23;81;0.73;-0.62;0.1;4.39;;;0
351;2022-11-20 23:33:12.575121;RBRY11;95.6;14376;1.0;1.04;3.18;7.12;14.08;1.06;1.19;1.17;11.72;-4.86;-3.87;0.99;99.88;96;1.0;0.37;1.37;2.97;;;0
352;2022-11-20 23:33:12.575121;VGIR11;9.9;278194;0.13;1.3;3.92;7.71;14.1;1.31;1.28;1.17;12.36;1.32;2.64;-88.93;9.64;103;1.35;-0.06;1.29;-89.26;;;0
353;2022-11-20 23:33:12.575121;TRNT11;125.0;1;0.32;0.26;0.75;1.82;4.18;0.25;0.3;0.35;3.28;8.7;8.97;19.79;202.55;62;0.16;0.0;0.16;1.13;49.9;;1
354;2022-11-20 23:33:12.575121;GAME11;9.25;22868;0.1;1.08;3.18;7.49;13.33;1.06;1.25;1.11;12.29;-1.91;-0.85;-4.52;9.82;94;1.02;0.44;1.47;-98.86;;;0
355;2022-11-20 23:33:12.575121;MCCI11;96.0;28521;1.1;1.14;3.4;6.77;12.7;1.13;1.13;1.06;10.75;0.2;1.34;5.81;94.3;102;1.17;1.51;2.69;4.13;;;0
356;2022-11-20 23:33:12.575121;VGIA11;10.0;485115;0.14;1.34;4.55;9.13;0.0;1.52;1.52;0.0;14.48;-0.19;1.15;13.5;9.52;105;1.47;-0.49;0.97;6.44;;;0
357;2022-11-20 23:33:12.575121;IBCR11;85.3;1749;0.9;1.05;3.65;7.77;16.73;1.22;1.29;1.39;13.61;-3.19;-2.17;1.55;96.39;88;0.93;0.63;1.57;9.58;;;0
358;2022-11-20 23:33:12.575121;HCRI11;217.52;305;2.49;1.09;2.71;5.06;9.62;0.9;0.84;0.8;2.71;0.0;1.09;-15.83;299.95;73;0.83;-0.01;0.82;2.24;0.0;;1
359;2022-11-20 23:33:12.575121;BRLA11;144.0;2;1.09;11.91;12.63;14.13;18.29;4.21;2.36;1.52;16.91;0.0;11.91;27.86;157.7;91;0.69;-0.09;0.61;-9.29;;;0
360;2022-11-20 23:33:12.575121;IRIM11;96.5;1542;0.7;0.7;2.89;7.44;15.31;0.96;1.24;1.28;12.75;-2.49;-1.8;2.21;97.96;99;1.17;-0.51;0.66;2.01;;;0
361;2022-11-20 23:33:12.575121;SNCI11;97.65;7438;1.0;0.99;3.13;6.95;14.6;1.04;1.16;1.22;12.25;-0.4;0.59;8.89;98.23;99;1.02;0.67;1.69;8.59;;;0
362;2022-11-20 23:33:12.575121;MCHF11;8.94;79970;0.11;1.22;3.55;7.23;13.97;1.18;1.21;1.16;11.59;-1.1;0.11;-0.07;9.51;94;1.16;0.97;2.14;0.54;;;0
363;2022-11-20 23:33:12.575121;GCFF11;71.23;355;0.74;1.02;3.1;6.33;12.31;1.03;1.05;1.03;10.32;-0.11;0.9;0.35;86.68;82;0.85;-0.51;0.34;-0.43;;;0
364;2022-11-20 23:33:12.575121;MORE11;67.39;7117;0.6;0.85;2.52;5.82;11.51;0.84;0.97;0.96;9.69;-5.4;-4.6;2.4;87.72;77;0.68;-0.42;0.27;1.69;;;0
365;2022-11-20 23:33:12.575121;MGHT11;54.0;2247;0.65;1.09;3.22;6.91;12.57;1.07;1.15;1.05;10.73;-11.06;-10.09;-24.72;85.88;63;0.76;-0.05;0.71;-7.2;;;0
366;2022-11-20 23:33:12.575121;SNFF11;84.97;4597;0.65;0.73;2.2;5.15;9.68;0.73;0.86;0.81;8.19;-0.45;0.28;9.35;93.33;91;0.7;-0.95;-0.26;4.72;;;0
367;2022-11-20 23:33:12.575121;VGIP11;86.79;24597;0.45;0.51;2.11;6.37;14.91;0.7;1.06;1.24;11.73;-0.55;-0.05;-1.69;91.76;95;0.49;0.25;0.74;8.23;;;0
368;2022-11-20 23:33:12.575121;GCRI11;92.75;1091;1.1;1.16;3.58;7.83;15.99;1.19;1.3;1.33;13.46;0.14;1.3;9.58;96.42;96;1.14;-1.96;-0.84;0.82;;;0
369;2022-11-20 23:33:12.575121;NAVT11;76.3;4544;0.85;1.07;3.2;6.71;12.71;1.07;1.12;1.06;11.08;-0.06;1.0;22.1;92.67;82;0.92;0.0;0.92;1.75;;;0
370;2022-11-20 23:33:12.575121;MGCR11;82.68;4778;1.0;1.14;3.99;8.34;15.36;1.33;1.39;1.28;13.11;-0.55;0.59;12.97;91.82;90;1.25;0.75;2.01;4.16;;;0
371;2022-11-20 23:33:12.575121;BTLG11;99.56;33950;0.74;0.73;2.19;4.46;8.64;0.73;0.74;0.72;7.26;-0.72;0.01;6.04;97.82;102;0.76;-0.15;0.6;1.85;;2.0;16
372;2022-11-20 23:33:12.575121;OURE11;80.79;1002;1.05;1.29;3.86;8.08;14.81;1.29;1.35;1.23;12.21;-4.49;-3.26;6.9;94.04;86;1.12;-0.29;0.82;12.28;;;0
373;2022-11-20 23:33:12.575121;RECX11;70.0;261;0.8;1.1;3.22;6.14;12.34;1.07;1.02;1.03;10.08;-2.34;-1.27;-15.51;81.46;86;0.98;-0.03;0.96;-2.7;;;0
374;2022-11-20 23:33:12.575121;OUFF11;65.3;3741;0.7;1.04;3.21;6.68;12.73;1.07;1.11;1.06;10.9;-5.58;-4.6;14.65;80.32;81;0.87;-0.99;-0.13;10.38;;;0
375;2022-11-20 23:33:12.575121;AFHI11;93.1;15262;0.95;0.99;3.21;7.29;15.06;1.07;1.21;1.25;12.5;-1.66;-0.69;6.06;95.72;97;0.99;0.46;1.46;4.93;;;0
376;2022-11-20 23:33:12.575121;ARCT11;91.07;16361;0.77;0.83;2.52;6.31;15.9;0.84;1.05;1.33;12.63;-6.9;-6.13;-4.64;99.86;91;0.78;-0.16;0.62;4.79;;;4
377;2022-11-20 23:33:12.575121;BLMC11;82.1;6;0.7;0.85;3.05;7.03;14.03;1.02;1.17;1.17;11.69;-4.4;-3.59;-6.11;98.18;84;0.71;-0.03;0.68;3.86;;;0
378;2022-11-20 23:33:12.575121;RZAK11;96.4;26170;1.4;1.46;4.57;9.6;18.11;1.52;1.6;1.51;15.4;-4.39;-2.99;17.07;93.49;103;1.55;0.89;2.45;5.56;;;0
379;2022-11-20 23:33:12.575121;MCHY11;104.5;142;1.4;1.34;3.95;7.77;14.8;1.32;1.29;1.23;12.62;-3.93;-2.64;6.73;103.54;101;1.35;0.36;1.72;9.51;;;0
380;2022-11-20 23:33:12.575121;NCRA11;89.98;4864;1.0;0.0;0.0;0.0;0.0;0.0;0.0;0.0;;0.0;0.0;0.0;;0;;;;;;;0
381;2022-11-20 23:33:12.575121;XPIN11;76.75;5245;0.64;0.83;2.35;4.85;9.19;0.78;0.81;0.77;7.82;-9.16;-8.4;-3.19;105.25;73;0.61;0.52;1.13;1.52;17.3;12.0;5
382;2022-11-20 23:33:12.575121;MATV11;86.5;15;0.6;0.69;2.94;6.74;12.86;0.98;1.12;1.07;11.65;-7.48;-6.83;-0.89;93.34;93;0.64;-0.09;0.55;-0.33;;;0
